sample_id,dataset,subject,label,pose_path,physio_path,seg_points,channels
upfall_sub01_a1_t1_v2,upfall,1,1,,C:\Users\H\Desktop\算法模型\data\features\physio\upfall\sub01_a1_t1_v2.npy,195,16
upfall_sub01_a1_t2_v2,upfall,1,1,,C:\Users\H\Desktop\算法模型\data\features\physio\upfall\sub01_a1_t2_v2.npy,193,16
upfall_sub01_a1_t3_v2,upfall,1,1,,C:\Users\H\Desktop\算法模型\data\features\physio\upfall\sub01_a1_t3_v2.npy,194,16
upfall_sub01_a2_t1_v2,upfall,1,1,,C:\Users\H\Desktop\算法模型\data\features\physio\upfall\sub01_a2_t1_v2.npy,157,16
upfall_sub01_a2_t2_v2,upfall,1,1,,C:\Users\H\Desktop\算法模型\data\features\physio\upfall\sub01_a2_t2_v2.npy,195,16
upfall_sub01_a2_t3_v2,upfall,1,1,,C:\Users\H\Desktop\算法模型\data\features\physio\upfall\sub01_a2_t3_v2.npy,194,16
upfall_sub01_a3_t1_v2,upfall,1,1,,C:\Users\H\Desktop\算法模型\data\features\physio\upfall\sub01_a3_t1_v2.npy,192,16
upfall_sub01_a3_t2_v2,upfall,1,1,,C:\Users\H\Desktop\算法模型\data\features\physio\upfall\sub01_a3_t2_v2.npy,191,16
upfall_sub01_a3_t3_v2,upfall,1,1,,C:\Users\H\Desktop\算法模型\data\features\physio\upfall\sub01_a3_t3_v2.npy,190,16
upfall_sub01_a4_t1_v2,upfall,1,1,,C:\Users\H\Desktop\算法模型\data\features\physio\upfall\sub01_a4_t1_v2.npy,189,16
upfall_sub01_a4_t2_v2,upfall,1,1,,C:\Users\H\Desktop\算法模型\data\features\physio\upfall\sub01_a4_t2_v2.npy,191,16
upfall_sub01_a4_t3_v2,upfall,1,1,,C:\Users\H\Desktop\算法模型\data\features\physio\upfall\sub01_a4_t3_v2.npy,193,16
upfall_sub01_a5_t1_v2,upfall,1,1,,C:\Users\H\Desktop\算法模型\data\features\physio\upfall\sub01_a5_t1_v2.npy,189,16
upfall_sub01_a5_t2_v2,upfall,1,1,,C:\Users\H\Desktop\算法模型\data\features\physio\upfall\sub01_a5_t2_v2.npy,182,16
upfall_sub01_a5_t3_v2,upfall,1,1,,C:\Users\H\Desktop\算法模型\data\features\physio\upfall\sub01_a5_t3_v2.npy,187,16
upfall_sub01_a6_t1_v2,upfall,1,0,,C:\Users\H\Desktop\算法模型\data\features\physio\upfall\sub01_a6_t1_v2.npy,1133,16
upfall_sub01_a6_t2_v2,upfall,1,0,,C:\Users\H\Desktop\算法模型\data\features\physio\upfall\sub01_a6_t2_v2.npy,1124,16
upfall_sub01_a6_t3_v2,upfall,1,0,,C:\Users\H\Desktop\算法模型\data\features\physio\upfall\sub01_a6_t3_v2.npy,1115,16
upfall_sub01_a7_t1_v2,upfall,1,0,,C:\Users\H\Desktop\算法模型\data\features\physio\upfall\sub01_a7_t1_v2.npy,1121,16
upfall_sub01_a7_t2_v2,upfall,1,0,,C:\Users\H\Desktop\算法模型\data\features\physio\upfall\sub01_a7_t2_v2.npy,1101,16
upfall_sub01_a7_t3_v2,upfall,1,0,,C:\Users\H\Desktop\算法模型\data\features\physio\upfall\sub01_a7_t3_v2.npy,1084,16
upfall_sub01_a8_t1_v2,upfall,1,0,,C:\Users\H\Desktop\算法模型\data\features\physio\upfall\sub01_a8_t1_v2.npy,1079,16
upfall_sub01_a8_t2_v2,upfall,1,0,,C:\Users\H\Desktop\算法模型\data\features\physio\upfall\sub01_a8_t2_v2.npy,1088,16
upfall_sub01_a8_t3_v2,upfall,1,0,,C:\Users\H\Desktop\算法模型\data\features\physio\upfall\sub01_a8_t3_v2.npy,1054,16
upfall_sub01_a9_t1_v2,upfall,1,0,,C:\Users\H\Desktop\算法模型\data\features\physio\upfall\sub01_a9_t1_v2.npy,181,16
upfall_sub01_a9_t2_v2,upfall,1,0,,C:\Users\H\Desktop\算法模型\data\features\physio\upfall\sub01_a9_t2_v2.npy,177,16
upfall_sub01_a9_t3_v2,upfall,1,0,,C:\Users\H\Desktop\算法模型\data\features\physio\upfall\sub01_a9_t3_v2.npy,174,16
upfall_sub01_a10_t1_v2,upfall,1,0,,C:\Users\H\Desktop\算法模型\data\features\physio\upfall\sub01_a10_t1_v2.npy,530,16
upfall_sub01_a10_t2_v2,upfall,1,0,,C:\Users\H\Desktop\算法模型\data\features\physio\upfall\sub01_a10_t2_v2.npy,525,16
upfall_sub01_a10_t3_v2,upfall,1,0,,C:\Users\H\Desktop\算法模型\data\features\physio\upfall\sub01_a10_t3_v2.npy,499,16
upfall_sub01_a11_t1_v2,upfall,1,0,,C:\Users\H\Desktop\算法模型\data\features\physio\upfall\sub01_a11_t1_v2.npy,1062,16
upfall_sub01_a11_t2_v2,upfall,1,0,,C:\Users\H\Desktop\算法模型\data\features\physio\upfall\sub01_a11_t2_v2.npy,1039,16
upfall_sub01_a11_t3_v2,upfall,1,0,,C:\Users\H\Desktop\算法模型\data\features\physio\upfall\sub01_a11_t3_v2.npy,1014,16
upfall_sub02_a1_t1_v2,upfall,2,1,,C:\Users\H\Desktop\算法模型\data\features\physio\upfall\sub02_a1_t1_v2.npy,171,16
upfall_sub02_a1_t2_v2,upfall,2,1,,C:\Users\H\Desktop\算法模型\data\features\physio\upfall\sub02_a1_t2_v2.npy,171,16
upfall_sub02_a1_t3_v2,upfall,2,1,,C:\Users\H\Desktop\算法模型\data\features\physio\upfall\sub02_a1_t3_v2.npy,175,16
upfall_sub02_a2_t1_v2,upfall,2,1,,C:\Users\H\Desktop\算法模型\data\features\physio\upfall\sub02_a2_t1_v2.npy,174,16
upfall_sub02_a2_t2_v2,upfall,2,1,,C:\Users\H\Desktop\算法模型\data\features\physio\upfall\sub02_a2_t2_v2.npy,168,16
upfall_sub02_a2_t3_v2,upfall,2,1,,C:\Users\H\Desktop\算法模型\data\features\physio\upfall\sub02_a2_t3_v2.npy,175,16
upfall_sub02_a3_t1_v2,upfall,2,1,,C:\Users\H\Desktop\算法模型\data\features\physio\upfall\sub02_a3_t1_v2.npy,177,16
upfall_sub02_a3_t2_v2,upfall,2,1,,C:\Users\H\Desktop\算法模型\data\features\physio\upfall\sub02_a3_t2_v2.npy,173,16
upfall_sub02_a3_t3_v2,upfall,2,1,,C:\Users\H\Desktop\算法模型\data\features\physio\upfall\sub02_a3_t3_v2.npy,177,16
upfall_sub02_a4_t1_v2,upfall,2,1,,C:\Users\H\Desktop\算法模型\data\features\physio\upfall\sub02_a4_t1_v2.npy,180,16
upfall_sub02_a4_t2_v2,upfall,2,1,,C:\Users\H\Desktop\算法模型\data\features\physio\upfall\sub02_a4_t2_v2.npy,167,16
upfall_sub02_a4_t3_v2,upfall,2,1,,C:\Users\H\Desktop\算法模型\data\features\physio\upfall\sub02_a4_t3_v2.npy,168,16
upfall_sub02_a5_t1_v2,upfall,2,1,,C:\Users\H\Desktop\算法模型\data\features\physio\upfall\sub02_a5_t1_v2.npy,168,16
upfall_sub02_a5_t2_v2,upfall,2,1,,C:\Users\H\Desktop\算法模型\data\features\physio\upfall\sub02_a5_t2_v2.npy,140,16
upfall_sub02_a5_t3_v2,upfall,2,1,,C:\Users\H\Desktop\算法模型\data\features\physio\upfall\sub02_a5_t3_v2.npy,147,16
upfall_sub02_a6_t1_v2,upfall,2,0,,C:\Users\H\Desktop\算法模型\data\features\physio\upfall\sub02_a6_t1_v2.npy,1033,16
upfall_sub02_a6_t2_v2,upfall,2,0,,C:\Users\H\Desktop\算法模型\data\features\physio\upfall\sub02_a6_t2_v2.npy,1062,16
upfall_sub02_a6_t3_v2,upfall,2,0,,C:\Users\H\Desktop\算法模型\data\features\physio\upfall\sub02_a6_t3_v2.npy,1094,16
upfall_sub02_a7_t1_v2,upfall,2,0,,C:\Users\H\Desktop\算法模型\data\features\physio\upfall\sub02_a7_t1_v2.npy,1063,16
upfall_sub02_a7_t2_v2,upfall,2,0,,C:\Users\H\Desktop\算法模型\data\features\physio\upfall\sub02_a7_t2_v2.npy,1031,16
upfall_sub02_a7_t3_v2,upfall,2,0,,C:\Users\H\Desktop\算法模型\data\features\physio\upfall\sub02_a7_t3_v2.npy,1030,16
upfall_sub02_a8_t1_v2,upfall,2,0,,C:\Users\H\Desktop\算法模型\data\features\physio\upfall\sub02_a8_t1_v2.npy,1056,16
upfall_sub02_a8_t2_v2,upfall,2,0,,C:\Users\H\Desktop\算法模型\data\features\physio\upfall\sub02_a8_t2_v2.npy,1041,16
upfall_sub02_a8_t3_v2,upfall,2,0,,C:\Users\H\Desktop\算法模型\data\features\physio\upfall\sub02_a8_t3_v2.npy,1031,16
upfall_sub02_a9_t1_v2,upfall,2,0,,C:\Users\H\Desktop\算法模型\data\features\physio\upfall\sub02_a9_t1_v2.npy,162,16
upfall_sub02_a9_t2_v2,upfall,2,0,,C:\Users\H\Desktop\算法模型\data\features\physio\upfall\sub02_a9_t2_v2.npy,158,16
upfall_sub02_a9_t3_v2,upfall,2,0,,C:\Users\H\Desktop\算法模型\data\features\physio\upfall\sub02_a9_t3_v2.npy,166,16
upfall_sub02_a10_t1_v2,upfall,2,0,,C:\Users\H\Desktop\算法模型\data\features\physio\upfall\sub02_a10_t1_v2.npy,459,16
upfall_sub02_a10_t2_v2,upfall,2,0,,C:\Users\H\Desktop\算法模型\data\features\physio\upfall\sub02_a10_t2_v2.npy,470,16
upfall_sub02_a10_t3_v2,upfall,2,0,,C:\Users\H\Desktop\算法模型\data\features\physio\upfall\sub02_a10_t3_v2.npy,471,16
upfall_sub02_a11_t1_v2,upfall,2,0,,C:\Users\H\Desktop\算法模型\data\features\physio\upfall\sub02_a11_t1_v2.npy,982,16
upfall_sub02_a11_t2_v2,upfall,2,0,,C:\Users\H\Desktop\算法模型\data\features\physio\upfall\sub02_a11_t2_v2.npy,947,16
upfall_sub02_a11_t3_v2,upfall,2,0,,C:\Users\H\Desktop\算法模型\data\features\physio\upfall\sub02_a11_t3_v2.npy,936,16
upfall_sub03_a1_t1_v2,upfall,3,1,,C:\Users\H\Desktop\算法模型\data\features\physio\upfall\sub03_a1_t1_v2.npy,188,16
upfall_sub03_a1_t2_v2,upfall,3,1,,C:\Users\H\Desktop\算法模型\data\features\physio\upfall\sub03_a1_t2_v2.npy,187,16
upfall_sub03_a1_t3_v2,upfall,3,1,,C:\Users\H\Desktop\算法模型\data\features\physio\upfall\sub03_a1_t3_v2.npy,186,16
upfall_sub03_a2_t1_v2,upfall,3,1,,C:\Users\H\Desktop\算法模型\data\features\physio\upfall\sub03_a2_t1_v2.npy,187,16
upfall_sub03_a2_t2_v2,upfall,3,1,,C:\Users\H\Desktop\算法模型\data\features\physio\upfall\sub03_a2_t2_v2.npy,177,16
upfall_sub03_a2_t3_v2,upfall,3,1,,C:\Users\H\Desktop\算法模型\data\features\physio\upfall\sub03_a2_t3_v2.npy,185,16
upfall_sub03_a3_t1_v2,upfall,3,1,,C:\Users\H\Desktop\算法模型\data\features\physio\upfall\sub03_a3_t1_v2.npy,191,16
upfall_sub03_a3_t2_v2,upfall,3,1,,C:\Users\H\Desktop\算法模型\data\features\physio\upfall\sub03_a3_t2_v2.npy,181,16
upfall_sub03_a3_t3_v2,upfall,3,1,,C:\Users\H\Desktop\算法模型\data\features\physio\upfall\sub03_a3_t3_v2.npy,184,16
upfall_sub03_a4_t1_v2,upfall,3,1,,C:\Users\H\Desktop\算法模型\data\features\physio\upfall\sub03_a4_t1_v2.npy,191,16
upfall_sub03_a4_t2_v2,upfall,3,1,,C:\Users\H\Desktop\算法模型\data\features\physio\upfall\sub03_a4_t2_v2.npy,189,16
upfall_sub03_a4_t3_v2,upfall,3,1,,C:\Users\H\Desktop\算法模型\data\features\physio\upfall\sub03_a4_t3_v2.npy,189,16
upfall_sub03_a5_t1_v2,upfall,3,1,,C:\Users\H\Desktop\算法模型\data\features\physio\upfall\sub03_a5_t1_v2.npy,186,16
upfall_sub03_a5_t2_v2,upfall,3,1,,C:\Users\H\Desktop\算法模型\data\features\physio\upfall\sub03_a5_t2_v2.npy,179,16
upfall_sub03_a5_t3_v2,upfall,3,1,,C:\Users\H\Desktop\算法模型\data\features\physio\upfall\sub03_a5_t3_v2.npy,183,16
upfall_sub03_a6_t1_v2,upfall,3,0,,C:\Users\H\Desktop\算法模型\data\features\physio\upfall\sub03_a6_t1_v2.npy,1124,16
upfall_sub03_a6_t2_v2,upfall,3,0,,C:\Users\H\Desktop\算法模型\data\features\physio\upfall\sub03_a6_t2_v2.npy,1105,16
upfall_sub03_a6_t3_v2,upfall,3,0,,C:\Users\H\Desktop\算法模型\data\features\physio\upfall\sub03_a6_t3_v2.npy,1064,16
upfall_sub03_a7_t1_v2,upfall,3,0,,C:\Users\H\Desktop\算法模型\data\features\physio\upfall\sub03_a7_t1_v2.npy,1100,16
upfall_sub03_a7_t2_v2,upfall,3,0,,C:\Users\H\Desktop\算法模型\data\features\physio\upfall\sub03_a7_t2_v2.npy,1067,16
upfall_sub03_a7_t3_v2,upfall,3,0,,C:\Users\H\Desktop\算法模型\data\features\physio\upfall\sub03_a7_t3_v2.npy,1089,16
upfall_sub03_a8_t1_v2,upfall,3,0,,C:\Users\H\Desktop\算法模型\data\features\physio\upfall\sub03_a8_t1_v2.npy,1088,16
upfall_sub03_a8_t2_v2,upfall,3,0,,C:\Users\H\Desktop\算法模型\data\features\physio\upfall\sub03_a8_t2_v2.npy,1078,16
upfall_sub03_a8_t3_v2,upfall,3,0,,C:\Users\H\Desktop\算法模型\data\features\physio\upfall\sub03_a8_t3_v2.npy,1071,16
upfall_sub03_a9_t1_v2,upfall,3,0,,C:\Users\H\Desktop\算法模型\data\features\physio\upfall\sub03_a9_t1_v2.npy,176,16
upfall_sub03_a9_t2_v2,upfall,3,0,,C:\Users\H\Desktop\算法模型\data\features\physio\upfall\sub03_a9_t2_v2.npy,175,16
upfall_sub03_a9_t3_v2,upfall,3,0,,C:\Users\H\Desktop\算法模型\data\features\physio\upfall\sub03_a9_t3_v2.npy,169,16
upfall_sub03_a10_t1_v2,upfall,3,0,,C:\Users\H\Desktop\算法模型\data\features\physio\upfall\sub03_a10_t1_v2.npy,526,16
upfall_sub03_a10_t2_v2,upfall,3,0,,C:\Users\H\Desktop\算法模型\data\features\physio\upfall\sub03_a10_t2_v2.npy,517,16
upfall_sub03_a10_t3_v2,upfall,3,0,,C:\Users\H\Desktop\算法模型\data\features\physio\upfall\sub03_a10_t3_v2.npy,536,16
upfall_sub03_a11_t1_v2,upfall,3,0,,C:\Users\H\Desktop\算法模型\data\features\physio\upfall\sub03_a11_t1_v2.npy,1069,16
upfall_sub03_a11_t2_v2,upfall,3,0,,C:\Users\H\Desktop\算法模型\data\features\physio\upfall\sub03_a11_t2_v2.npy,1070,16
upfall_sub03_a11_t3_v2,upfall,3,0,,C:\Users\H\Desktop\算法模型\data\features\physio\upfall\sub03_a11_t3_v2.npy,1038,16
upfall_sub04_a1_t1_v2,upfall,4,1,,C:\Users\H\Desktop\算法模型\data\features\physio\upfall\sub04_a1_t1_v2.npy,183,16
upfall_sub04_a1_t2_v2,upfall,4,1,,C:\Users\H\Desktop\算法模型\data\features\physio\upfall\sub04_a1_t2_v2.npy,186,16
upfall_sub04_a1_t3_v2,upfall,4,1,,C:\Users\H\Desktop\算法模型\data\features\physio\upfall\sub04_a1_t3_v2.npy,185,16
upfall_sub04_a2_t1_v2,upfall,4,1,,C:\Users\H\Desktop\算法模型\data\features\physio\upfall\sub04_a2_t1_v2.npy,183,16
upfall_sub04_a2_t2_v2,upfall,4,1,,C:\Users\H\Desktop\算法模型\data\features\physio\upfall\sub04_a2_t2_v2.npy,189,16
upfall_sub04_a2_t3_v2,upfall,4,1,,C:\Users\H\Desktop\算法模型\data\features\physio\upfall\sub04_a2_t3_v2.npy,191,16
upfall_sub04_a3_t1_v2,upfall,4,1,,C:\Users\H\Desktop\算法模型\data\features\physio\upfall\sub04_a3_t1_v2.npy,181,16
upfall_sub04_a3_t2_v2,upfall,4,1,,C:\Users\H\Desktop\算法模型\data\features\physio\upfall\sub04_a3_t2_v2.npy,183,16
upfall_sub04_a3_t3_v2,upfall,4,1,,C:\Users\H\Desktop\算法模型\data\features\physio\upfall\sub04_a3_t3_v2.npy,186,16
upfall_sub04_a4_t1_v2,upfall,4,1,,C:\Users\H\Desktop\算法模型\data\features\physio\upfall\sub04_a4_t1_v2.npy,187,16
upfall_sub04_a4_t2_v2,upfall,4,1,,C:\Users\H\Desktop\算法模型\data\features\physio\upfall\sub04_a4_t2_v2.npy,193,16
upfall_sub04_a4_t3_v2,upfall,4,1,,C:\Users\H\Desktop\算法模型\data\features\physio\upfall\sub04_a4_t3_v2.npy,191,16
upfall_sub04_a5_t1_v2,upfall,4,1,,C:\Users\H\Desktop\算法模型\data\features\physio\upfall\sub04_a5_t1_v2.npy,182,16
upfall_sub04_a5_t2_v2,upfall,4,1,,C:\Users\H\Desktop\算法模型\data\features\physio\upfall\sub04_a5_t2_v2.npy,182,16
upfall_sub04_a5_t3_v2,upfall,4,1,,C:\Users\H\Desktop\算法模型\data\features\physio\upfall\sub04_a5_t3_v2.npy,180,16
upfall_sub04_a6_t1_v2,upfall,4,0,,C:\Users\H\Desktop\算法模型\data\features\physio\upfall\sub04_a6_t1_v2.npy,1089,16
upfall_sub04_a6_t2_v2,upfall,4,0,,C:\Users\H\Desktop\算法模型\data\features\physio\upfall\sub04_a6_t2_v2.npy,1092,16
upfall_sub04_a6_t3_v2,upfall,4,0,,C:\Users\H\Desktop\算法模型\data\features\physio\upfall\sub04_a6_t3_v2.npy,1089,16
upfall_sub04_a7_t1_v2,upfall,4,0,,C:\Users\H\Desktop\算法模型\data\features\physio\upfall\sub04_a7_t1_v2.npy,1086,16
upfall_sub04_a7_t2_v2,upfall,4,0,,C:\Users\H\Desktop\算法模型\data\features\physio\upfall\sub04_a7_t2_v2.npy,1066,16
upfall_sub04_a7_t3_v2,upfall,4,0,,C:\Users\H\Desktop\算法模型\data\features\physio\upfall\sub04_a7_t3_v2.npy,1080,16
upfall_sub04_a8_t1_v2,upfall,4,0,,C:\Users\H\Desktop\算法模型\data\features\physio\upfall\sub04_a8_t1_v2.npy,1078,16
upfall_sub04_a8_t2_v2,upfall,4,0,,C:\Users\H\Desktop\算法模型\data\features\physio\upfall\sub04_a8_t2_v2.npy,1071,16
upfall_sub04_a8_t3_v2,upfall,4,0,,C:\Users\H\Desktop\算法模型\data\features\physio\upfall\sub04_a8_t3_v2.npy,1057,16
upfall_sub04_a9_t1_v2,upfall,4,0,,C:\Users\H\Desktop\算法模型\data\features\physio\upfall\sub04_a9_t1_v2.npy,178,16
upfall_sub04_a9_t2_v2,upfall,4,0,,C:\Users\H\Desktop\算法模型\data\features\physio\upfall\sub04_a9_t2_v2.npy,179,16
upfall_sub04_a9_t3_v2,upfall,4,0,,C:\Users\H\Desktop\算法模型\data\features\physio\upfall\sub04_a9_t3_v2.npy,180,16
upfall_sub04_a10_t1_v2,upfall,4,0,,C:\Users\H\Desktop\算法模型\data\features\physio\upfall\sub04_a10_t1_v2.npy,533,16
upfall_sub04_a10_t2_v2,upfall,4,0,,C:\Users\H\Desktop\算法模型\data\features\physio\upfall\sub04_a10_t2_v2.npy,529,16
upfall_sub04_a10_t3_v2,upfall,4,0,,C:\Users\H\Desktop\算法模型\data\features\physio\upfall\sub04_a10_t3_v2.npy,536,16
upfall_sub04_a11_t1_v2,upfall,4,0,,C:\Users\H\Desktop\算法模型\data\features\physio\upfall\sub04_a11_t1_v2.npy,1058,16
upfall_sub04_a11_t2_v2,upfall,4,0,,C:\Users\H\Desktop\算法模型\data\features\physio\upfall\sub04_a11_t2_v2.npy,1064,16
upfall_sub04_a11_t3_v2,upfall,4,0,,C:\Users\H\Desktop\算法模型\data\features\physio\upfall\sub04_a11_t3_v2.npy,1068,16
upfall_sub05_a1_t1_v2,upfall,5,1,,C:\Users\H\Desktop\算法模型\data\features\physio\upfall\sub05_a1_t1_v2.npy,185,16
upfall_sub05_a1_t2_v2,upfall,5,1,,C:\Users\H\Desktop\算法模型\data\features\physio\upfall\sub05_a1_t2_v2.npy,186,16
upfall_sub05_a1_t3_v2,upfall,5,1,,C:\Users\H\Desktop\算法模型\data\features\physio\upfall\sub05_a1_t3_v2.npy,183,16
upfall_sub05_a2_t1_v2,upfall,5,1,,C:\Users\H\Desktop\算法模型\data\features\physio\upfall\sub05_a2_t1_v2.npy,192,16
upfall_sub05_a2_t2_v2,upfall,5,1,,C:\Users\H\Desktop\算法模型\data\features\physio\upfall\sub05_a2_t2_v2.npy,188,16
upfall_sub05_a2_t3_v2,upfall,5,1,,C:\Users\H\Desktop\算法模型\data\features\physio\upfall\sub05_a2_t3_v2.npy,189,16
upfall_sub05_a3_t1_v2,upfall,5,1,,C:\Users\H\Desktop\算法模型\data\features\physio\upfall\sub05_a3_t1_v2.npy,192,16
upfall_sub05_a3_t2_v2,upfall,5,1,,C:\Users\H\Desktop\算法模型\data\features\physio\upfall\sub05_a3_t2_v2.npy,192,16
upfall_sub05_a3_t3_v2,upfall,5,1,,C:\Users\H\Desktop\算法模型\data\features\physio\upfall\sub05_a3_t3_v2.npy,191,16
upfall_sub05_a4_t1_v2,upfall,5,1,,C:\Users\H\Desktop\算法模型\data\features\physio\upfall\sub05_a4_t1_v2.npy,193,16
upfall_sub05_a4_t2_v2,upfall,5,1,,C:\Users\H\Desktop\算法模型\data\features\physio\upfall\sub05_a4_t2_v2.npy,193,16
upfall_sub05_a4_t3_v2,upfall,5,1,,C:\Users\H\Desktop\算法模型\data\features\physio\upfall\sub05_a4_t3_v2.npy,194,16
upfall_sub05_a5_t1_v2,upfall,5,1,,C:\Users\H\Desktop\算法模型\data\features\physio\upfall\sub05_a5_t1_v2.npy,194,16
upfall_sub05_a5_t2_v2,upfall,5,1,,C:\Users\H\Desktop\算法模型\data\features\physio\upfall\sub05_a5_t2_v2.npy,189,16
upfall_sub05_a5_t3_v2,upfall,5,1,,C:\Users\H\Desktop\算法模型\data\features\physio\upfall\sub05_a5_t3_v2.npy,192,16
upfall_sub05_a6_t1_v2,upfall,5,0,,C:\Users\H\Desktop\算法模型\data\features\physio\upfall\sub05_a6_t1_v2.npy,1096,16
upfall_sub05_a6_t2_v2,upfall,5,0,,C:\Users\H\Desktop\算法模型\data\features\physio\upfall\sub05_a6_t2_v2.npy,1117,16
upfall_sub05_a6_t3_v2,upfall,5,0,,C:\Users\H\Desktop\算法模型\data\features\physio\upfall\sub05_a6_t3_v2.npy,1112,16
upfall_sub05_a7_t1_v2,upfall,5,0,,C:\Users\H\Desktop\算法模型\data\features\physio\upfall\sub05_a7_t1_v2.npy,1075,16
upfall_sub05_a7_t2_v2,upfall,5,0,,C:\Users\H\Desktop\算法模型\data\features\physio\upfall\sub05_a7_t2_v2.npy,1126,16
upfall_sub05_a7_t3_v2,upfall,5,0,,C:\Users\H\Desktop\算法模型\data\features\physio\upfall\sub05_a7_t3_v2.npy,1126,16
upfall_sub05_a8_t1_v2,upfall,5,0,,C:\Users\H\Desktop\算法模型\data\features\physio\upfall\sub05_a8_t1_v2.npy,1093,16
upfall_sub05_a8_t2_v2,upfall,5,0,,C:\Users\H\Desktop\算法模型\data\features\physio\upfall\sub05_a8_t2_v2.npy,1090,16
upfall_sub05_a8_t3_v2,upfall,5,0,,C:\Users\H\Desktop\算法模型\data\features\physio\upfall\sub05_a8_t3_v2.npy,1109,16
upfall_sub05_a9_t1_v2,upfall,5,0,,C:\Users\H\Desktop\算法模型\data\features\physio\upfall\sub05_a9_t1_v2.npy,186,16
upfall_sub05_a9_t2_v2,upfall,5,0,,C:\Users\H\Desktop\算法模型\data\features\physio\upfall\sub05_a9_t2_v2.npy,193,16
upfall_sub05_a9_t3_v2,upfall,5,0,,C:\Users\H\Desktop\算法模型\data\features\physio\upfall\sub05_a9_t3_v2.npy,187,16
upfall_sub05_a10_t1_v2,upfall,5,0,,C:\Users\H\Desktop\算法模型\data\features\physio\upfall\sub05_a10_t1_v2.npy,566,16
upfall_sub05_a10_t2_v2,upfall,5,0,,C:\Users\H\Desktop\算法模型\data\features\physio\upfall\sub05_a10_t2_v2.npy,556,16
upfall_sub05_a10_t3_v2,upfall,5,0,,C:\Users\H\Desktop\算法模型\data\features\physio\upfall\sub05_a10_t3_v2.npy,563,16
upfall_sub05_a11_t1_v2,upfall,5,0,,C:\Users\H\Desktop\算法模型\data\features\physio\upfall\sub05_a11_t1_v2.npy,1092,16
upfall_sub05_a11_t2_v2,upfall,5,0,,C:\Users\H\Desktop\算法模型\data\features\physio\upfall\sub05_a11_t2_v2.npy,1088,16
upfall_sub05_a11_t3_v2,upfall,5,0,,C:\Users\H\Desktop\算法模型\data\features\physio\upfall\sub05_a11_t3_v2.npy,1065,16
upfall_sub06_a1_t1_v2,upfall,6,1,,C:\Users\H\Desktop\算法模型\data\features\physio\upfall\sub06_a1_t1_v2.npy,150,16
upfall_sub06_a1_t2_v2,upfall,6,1,,C:\Users\H\Desktop\算法模型\data\features\physio\upfall\sub06_a1_t2_v2.npy,149,16
upfall_sub06_a1_t3_v2,upfall,6,1,,C:\Users\H\Desktop\算法模型\data\features\physio\upfall\sub06_a1_t3_v2.npy,150,16
upfall_sub06_a2_t1_v2,upfall,6,1,,C:\Users\H\Desktop\算法模型\data\features\physio\upfall\sub06_a2_t1_v2.npy,149,16
upfall_sub06_a2_t2_v2,upfall,6,1,,C:\Users\H\Desktop\算法模型\data\features\physio\upfall\sub06_a2_t2_v2.npy,150,16
upfall_sub06_a2_t3_v2,upfall,6,1,,C:\Users\H\Desktop\算法模型\data\features\physio\upfall\sub06_a2_t3_v2.npy,149,16
upfall_sub06_a3_t1_v2,upfall,6,1,,C:\Users\H\Desktop\算法模型\data\features\physio\upfall\sub06_a3_t1_v2.npy,150,16
upfall_sub06_a3_t2_v2,upfall,6,1,,C:\Users\H\Desktop\算法模型\data\features\physio\upfall\sub06_a3_t2_v2.npy,150,16
upfall_sub06_a3_t3_v2,upfall,6,1,,C:\Users\H\Desktop\算法模型\data\features\physio\upfall\sub06_a3_t3_v2.npy,150,16
upfall_sub06_a4_t1_v2,upfall,6,1,,C:\Users\H\Desktop\算法模型\data\features\physio\upfall\sub06_a4_t1_v2.npy,150,16
upfall_sub06_a4_t2_v2,upfall,6,1,,C:\Users\H\Desktop\算法模型\data\features\physio\upfall\sub06_a4_t2_v2.npy,150,16
upfall_sub06_a4_t3_v2,upfall,6,1,,C:\Users\H\Desktop\算法模型\data\features\physio\upfall\sub06_a4_t3_v2.npy,150,16
upfall_sub06_a5_t1_v2,upfall,6,1,,C:\Users\H\Desktop\算法模型\data\features\physio\upfall\sub06_a5_t1_v2.npy,150,16
upfall_sub06_a5_t2_v2,upfall,6,1,,C:\Users\H\Desktop\算法模型\data\features\physio\upfall\sub06_a5_t2_v2.npy,149,16
upfall_sub06_a5_t3_v2,upfall,6,1,,C:\Users\H\Desktop\算法模型\data\features\physio\upfall\sub06_a5_t3_v2.npy,150,16
upfall_sub06_a6_t1_v2,upfall,6,0,,C:\Users\H\Desktop\算法模型\data\features\physio\upfall\sub06_a6_t1_v2.npy,899,16
upfall_sub06_a6_t2_v2,upfall,6,0,,C:\Users\H\Desktop\算法模型\data\features\physio\upfall\sub06_a6_t2_v2.npy,899,16
upfall_sub06_a6_t3_v2,upfall,6,0,,C:\Users\H\Desktop\算法模型\data\features\physio\upfall\sub06_a6_t3_v2.npy,898,16
upfall_sub06_a7_t1_v2,upfall,6,0,,C:\Users\H\Desktop\算法模型\data\features\physio\upfall\sub06_a7_t1_v2.npy,875,16
upfall_sub06_a7_t2_v2,upfall,6,0,,C:\Users\H\Desktop\算法模型\data\features\physio\upfall\sub06_a7_t2_v2.npy,870,16
upfall_sub06_a7_t3_v2,upfall,6,0,,C:\Users\H\Desktop\算法模型\data\features\physio\upfall\sub06_a7_t3_v2.npy,875,16
upfall_sub06_a8_t1_v2,upfall,6,0,,C:\Users\H\Desktop\算法模型\data\features\physio\upfall\sub06_a8_t1_v2.npy,866,16
upfall_sub06_a8_t2_v2,upfall,6,0,,C:\Users\H\Desktop\算法模型\data\features\physio\upfall\sub06_a8_t2_v2.npy,858,16
upfall_sub06_a8_t3_v2,upfall,6,0,,C:\Users\H\Desktop\算法模型\data\features\physio\upfall\sub06_a8_t3_v2.npy,863,16
upfall_sub06_a9_t1_v2,upfall,6,0,,C:\Users\H\Desktop\算法模型\data\features\physio\upfall\sub06_a9_t1_v2.npy,146,16
upfall_sub06_a9_t2_v2,upfall,6,0,,C:\Users\H\Desktop\算法模型\data\features\physio\upfall\sub06_a9_t2_v2.npy,141,16
upfall_sub06_a9_t3_v2,upfall,6,0,,C:\Users\H\Desktop\算法模型\data\features\physio\upfall\sub06_a9_t3_v2.npy,146,16
upfall_sub06_a10_t1_v2,upfall,6,0,,C:\Users\H\Desktop\算法模型\data\features\physio\upfall\sub06_a10_t1_v2.npy,440,16
upfall_sub06_a10_t2_v2,upfall,6,0,,C:\Users\H\Desktop\算法模型\data\features\physio\upfall\sub06_a10_t2_v2.npy,434,16
upfall_sub06_a10_t3_v2,upfall,6,0,,C:\Users\H\Desktop\算法模型\data\features\physio\upfall\sub06_a10_t3_v2.npy,441,16
upfall_sub06_a11_t1_v2,upfall,6,0,,C:\Users\H\Desktop\算法模型\data\features\physio\upfall\sub06_a11_t1_v2.npy,879,16
upfall_sub06_a11_t2_v2,upfall,6,0,,C:\Users\H\Desktop\算法模型\data\features\physio\upfall\sub06_a11_t2_v2.npy,888,16
upfall_sub06_a11_t3_v2,upfall,6,0,,C:\Users\H\Desktop\算法模型\data\features\physio\upfall\sub06_a11_t3_v2.npy,893,16
upfall_sub07_a1_t1_v2,upfall,7,1,,C:\Users\H\Desktop\算法模型\data\features\physio\upfall\sub07_a1_t1_v2.npy,184,16
upfall_sub07_a1_t2_v2,upfall,7,1,,C:\Users\H\Desktop\算法模型\data\features\physio\upfall\sub07_a1_t2_v2.npy,191,16
upfall_sub07_a1_t3_v2,upfall,7,1,,C:\Users\H\Desktop\算法模型\data\features\physio\upfall\sub07_a1_t3_v2.npy,189,16
upfall_sub07_a2_t1_v2,upfall,7,1,,C:\Users\H\Desktop\算法模型\data\features\physio\upfall\sub07_a2_t1_v2.npy,188,16
upfall_sub07_a2_t2_v2,upfall,7,1,,C:\Users\H\Desktop\算法模型\data\features\physio\upfall\sub07_a2_t2_v2.npy,183,16
upfall_sub07_a2_t3_v2,upfall,7,1,,C:\Users\H\Desktop\算法模型\data\features\physio\upfall\sub07_a2_t3_v2.npy,186,16
upfall_sub07_a3_t1_v2,upfall,7,1,,C:\Users\H\Desktop\算法模型\data\features\physio\upfall\sub07_a3_t1_v2.npy,191,16
upfall_sub07_a3_t2_v2,upfall,7,1,,C:\Users\H\Desktop\算法模型\data\features\physio\upfall\sub07_a3_t2_v2.npy,184,16
upfall_sub07_a3_t3_v2,upfall,7,1,,C:\Users\H\Desktop\算法模型\data\features\physio\upfall\sub07_a3_t3_v2.npy,182,16
upfall_sub07_a4_t1_v2,upfall,7,1,,C:\Users\H\Desktop\算法模型\data\features\physio\upfall\sub07_a4_t1_v2.npy,190,16
upfall_sub07_a4_t2_v2,upfall,7,1,,C:\Users\H\Desktop\算法模型\data\features\physio\upfall\sub07_a4_t2_v2.npy,187,16
upfall_sub07_a4_t3_v2,upfall,7,1,,C:\Users\H\Desktop\算法模型\data\features\physio\upfall\sub07_a4_t3_v2.npy,188,16
upfall_sub07_a5_t1_v2,upfall,7,1,,C:\Users\H\Desktop\算法模型\data\features\physio\upfall\sub07_a5_t1_v2.npy,187,16
upfall_sub07_a5_t2_v2,upfall,7,1,,C:\Users\H\Desktop\算法模型\data\features\physio\upfall\sub07_a5_t2_v2.npy,184,16
upfall_sub07_a5_t3_v2,upfall,7,1,,C:\Users\H\Desktop\算法模型\data\features\physio\upfall\sub07_a5_t3_v2.npy,188,16
upfall_sub07_a6_t1_v2,upfall,7,0,,C:\Users\H\Desktop\算法模型\data\features\physio\upfall\sub07_a6_t1_v2.npy,1121,16
upfall_sub07_a6_t2_v2,upfall,7,0,,C:\Users\H\Desktop\算法模型\data\features\physio\upfall\sub07_a6_t2_v2.npy,1129,16
upfall_sub07_a6_t3_v2,upfall,7,0,,C:\Users\H\Desktop\算法模型\data\features\physio\upfall\sub07_a6_t3_v2.npy,1116,16
upfall_sub07_a7_t1_v2,upfall,7,0,,C:\Users\H\Desktop\算法模型\data\features\physio\upfall\sub07_a7_t1_v2.npy,1083,16
upfall_sub07_a7_t2_v2,upfall,7,0,,C:\Users\H\Desktop\算法模型\data\features\physio\upfall\sub07_a7_t2_v2.npy,1077,16
upfall_sub07_a7_t3_v2,upfall,7,0,,C:\Users\H\Desktop\算法模型\data\features\physio\upfall\sub07_a7_t3_v2.npy,1105,16
upfall_sub07_a8_t1_v2,upfall,7,0,,C:\Users\H\Desktop\算法模型\data\features\physio\upfall\sub07_a8_t1_v2.npy,1088,16
upfall_sub07_a8_t2_v2,upfall,7,0,,C:\Users\H\Desktop\算法模型\data\features\physio\upfall\sub07_a8_t2_v2.npy,1050,16
upfall_sub07_a8_t3_v2,upfall,7,0,,C:\Users\H\Desktop\算法模型\data\features\physio\upfall\sub07_a8_t3_v2.npy,1063,16
upfall_sub07_a9_t1_v2,upfall,7,0,,C:\Users\H\Desktop\算法模型\data\features\physio\upfall\sub07_a9_t1_v2.npy,189,16
upfall_sub07_a9_t2_v2,upfall,7,0,,C:\Users\H\Desktop\算法模型\data\features\physio\upfall\sub07_a9_t2_v2.npy,185,16
upfall_sub07_a9_t3_v2,upfall,7,0,,C:\Users\H\Desktop\算法模型\data\features\physio\upfall\sub07_a9_t3_v2.npy,192,16
upfall_sub07_a10_t1_v2,upfall,7,0,,C:\Users\H\Desktop\算法模型\data\features\physio\upfall\sub07_a10_t1_v2.npy,573,16
upfall_sub07_a10_t2_v2,upfall,7,0,,C:\Users\H\Desktop\算法模型\data\features\physio\upfall\sub07_a10_t2_v2.npy,562,16
upfall_sub07_a10_t3_v2,upfall,7,0,,C:\Users\H\Desktop\算法模型\data\features\physio\upfall\sub07_a10_t3_v2.npy,566,16
upfall_sub07_a11_t1_v2,upfall,7,0,,C:\Users\H\Desktop\算法模型\data\features\physio\upfall\sub07_a11_t1_v2.npy,1120,16
upfall_sub07_a11_t2_v2,upfall,7,0,,C:\Users\H\Desktop\算法模型\data\features\physio\upfall\sub07_a11_t2_v2.npy,1047,16
upfall_sub07_a11_t3_v2,upfall,7,0,,C:\Users\H\Desktop\算法模型\data\features\physio\upfall\sub07_a11_t3_v2.npy,1052,16
upfall_sub08_a1_t1_v2,upfall,8,1,,C:\Users\H\Desktop\算法模型\data\features\physio\upfall\sub08_a1_t1_v2.npy,187,16
upfall_sub08_a1_t2_v2,upfall,8,1,,C:\Users\H\Desktop\算法模型\data\features\physio\upfall\sub08_a1_t2_v2.npy,186,16
upfall_sub08_a1_t3_v2,upfall,8,1,,C:\Users\H\Desktop\算法模型\data\features\physio\upfall\sub08_a1_t3_v2.npy,189,16
upfall_sub08_a2_t1_v2,upfall,8,1,,C:\Users\H\Desktop\算法模型\data\features\physio\upfall\sub08_a2_t1_v2.npy,190,16
upfall_sub08_a2_t2_v2,upfall,8,1,,C:\Users\H\Desktop\算法模型\data\features\physio\upfall\sub08_a2_t2_v2.npy,189,16
upfall_sub08_a2_t3_v2,upfall,8,1,,C:\Users\H\Desktop\算法模型\data\features\physio\upfall\sub08_a2_t3_v2.npy,189,16
upfall_sub08_a3_t1_v2,upfall,8,1,,C:\Users\H\Desktop\算法模型\data\features\physio\upfall\sub08_a3_t1_v2.npy,182,16
upfall_sub08_a3_t2_v2,upfall,8,1,,C:\Users\H\Desktop\算法模型\data\features\physio\upfall\sub08_a3_t2_v2.npy,177,16
upfall_sub08_a3_t3_v2,upfall,8,1,,C:\Users\H\Desktop\算法模型\data\features\physio\upfall\sub08_a3_t3_v2.npy,178,16
upfall_sub08_a4_t1_v2,upfall,8,1,,C:\Users\H\Desktop\算法模型\data\features\physio\upfall\sub08_a4_t1_v2.npy,183,16
upfall_sub08_a4_t2_v2,upfall,8,1,,C:\Users\H\Desktop\算法模型\data\features\physio\upfall\sub08_a4_t2_v2.npy,178,16
upfall_sub08_a4_t3_v2,upfall,8,1,,C:\Users\H\Desktop\算法模型\data\features\physio\upfall\sub08_a4_t3_v2.npy,183,16
upfall_sub08_a5_t1_v2,upfall,8,1,,C:\Users\H\Desktop\算法模型\data\features\physio\upfall\sub08_a5_t1_v2.npy,190,16
upfall_sub08_a5_t2_v2,upfall,8,1,,C:\Users\H\Desktop\算法模型\data\features\physio\upfall\sub08_a5_t2_v2.npy,173,16
upfall_sub08_a5_t3_v2,upfall,8,1,,C:\Users\H\Desktop\算法模型\data\features\physio\upfall\sub08_a5_t3_v2.npy,180,16
upfall_sub08_a6_t1_v2,upfall,8,0,,C:\Users\H\Desktop\算法模型\data\features\physio\upfall\sub08_a6_t1_v2.npy,1046,16
upfall_sub08_a6_t2_v2,upfall,8,0,,C:\Users\H\Desktop\算法模型\data\features\physio\upfall\sub08_a6_t2_v2.npy,1061,16
upfall_sub08_a6_t3_v2,upfall,8,0,,C:\Users\H\Desktop\算法模型\data\features\physio\upfall\sub08_a6_t3_v2.npy,1040,16
upfall_sub08_a7_t1_v2,upfall,8,0,,C:\Users\H\Desktop\算法模型\data\features\physio\upfall\sub08_a7_t1_v2.npy,1073,16
upfall_sub08_a7_t2_v2,upfall,8,0,,C:\Users\H\Desktop\算法模型\data\features\physio\upfall\sub08_a7_t2_v2.npy,1084,16
upfall_sub08_a7_t3_v2,upfall,8,0,,C:\Users\H\Desktop\算法模型\data\features\physio\upfall\sub08_a7_t3_v2.npy,1075,16
upfall_sub08_a8_t1_v2,upfall,8,0,,C:\Users\H\Desktop\算法模型\data\features\physio\upfall\sub08_a8_t1_v2.npy,1066,16
upfall_sub08_a8_t2_v2,upfall,8,0,,C:\Users\H\Desktop\算法模型\data\features\physio\upfall\sub08_a8_t2_v2.npy,1065,16
upfall_sub08_a8_t3_v2,upfall,8,0,,C:\Users\H\Desktop\算法模型\data\features\physio\upfall\sub08_a8_t3_v2.npy,1093,16
upfall_sub08_a9_t1_v2,upfall,8,0,,C:\Users\H\Desktop\算法模型\data\features\physio\upfall\sub08_a9_t1_v2.npy,169,16
upfall_sub08_a9_t2_v2,upfall,8,0,,C:\Users\H\Desktop\算法模型\data\features\physio\upfall\sub08_a9_t2_v2.npy,185,16
upfall_sub08_a9_t3_v2,upfall,8,0,,C:\Users\H\Desktop\算法模型\data\features\physio\upfall\sub08_a9_t3_v2.npy,181,16
upfall_sub08_a10_t1_v2,upfall,8,0,,C:\Users\H\Desktop\算法模型\data\features\physio\upfall\sub08_a10_t1_v2.npy,543,16
upfall_sub08_a10_t2_v2,upfall,8,0,,C:\Users\H\Desktop\算法模型\data\features\physio\upfall\sub08_a10_t2_v2.npy,546,16
upfall_sub08_a10_t3_v2,upfall,8,0,,C:\Users\H\Desktop\算法模型\data\features\physio\upfall\sub08_a10_t3_v2.npy,550,16
upfall_sub08_a11_t1_v2,upfall,8,0,,C:\Users\H\Desktop\算法模型\data\features\physio\upfall\sub08_a11_t1_v2.npy,1079,16
upfall_sub09_a1_t1_v2,upfall,9,1,,C:\Users\H\Desktop\算法模型\data\features\physio\upfall\sub09_a1_t1_v2.npy,181,16
upfall_sub09_a1_t2_v2,upfall,9,1,,C:\Users\H\Desktop\算法模型\data\features\physio\upfall\sub09_a1_t2_v2.npy,180,16
upfall_sub09_a1_t3_v2,upfall,9,1,,C:\Users\H\Desktop\算法模型\data\features\physio\upfall\sub09_a1_t3_v2.npy,179,16
upfall_sub09_a2_t1_v2,upfall,9,1,,C:\Users\H\Desktop\算法模型\data\features\physio\upfall\sub09_a2_t1_v2.npy,177,16
upfall_sub09_a2_t2_v2,upfall,9,1,,C:\Users\H\Desktop\算法模型\data\features\physio\upfall\sub09_a2_t2_v2.npy,177,16
upfall_sub09_a2_t3_v2,upfall,9,1,,C:\Users\H\Desktop\算法模型\data\features\physio\upfall\sub09_a2_t3_v2.npy,181,16
upfall_sub09_a3_t1_v2,upfall,9,1,,C:\Users\H\Desktop\算法模型\data\features\physio\upfall\sub09_a3_t1_v2.npy,176,16
upfall_sub09_a3_t2_v2,upfall,9,1,,C:\Users\H\Desktop\算法模型\data\features\physio\upfall\sub09_a3_t2_v2.npy,176,16
upfall_sub09_a3_t3_v2,upfall,9,1,,C:\Users\H\Desktop\算法模型\data\features\physio\upfall\sub09_a3_t3_v2.npy,181,16
upfall_sub09_a4_t1_v2,upfall,9,1,,C:\Users\H\Desktop\算法模型\data\features\physio\upfall\sub09_a4_t1_v2.npy,178,16
upfall_sub09_a4_t2_v2,upfall,9,1,,C:\Users\H\Desktop\算法模型\data\features\physio\upfall\sub09_a4_t2_v2.npy,176,16
upfall_sub09_a4_t3_v2,upfall,9,1,,C:\Users\H\Desktop\算法模型\data\features\physio\upfall\sub09_a4_t3_v2.npy,168,16
upfall_sub09_a5_t1_v2,upfall,9,1,,C:\Users\H\Desktop\算法模型\data\features\physio\upfall\sub09_a5_t1_v2.npy,175,16
upfall_sub09_a5_t2_v2,upfall,9,1,,C:\Users\H\Desktop\算法模型\data\features\physio\upfall\sub09_a5_t2_v2.npy,172,16
upfall_sub09_a5_t3_v2,upfall,9,1,,C:\Users\H\Desktop\算法模型\data\features\physio\upfall\sub09_a5_t3_v2.npy,180,16
upfall_sub09_a6_t1_v2,upfall,9,0,,C:\Users\H\Desktop\算法模型\data\features\physio\upfall\sub09_a6_t1_v2.npy,1074,16
upfall_sub09_a6_t2_v2,upfall,9,0,,C:\Users\H\Desktop\算法模型\data\features\physio\upfall\sub09_a6_t2_v2.npy,1094,16
upfall_sub09_a6_t3_v2,upfall,9,0,,C:\Users\H\Desktop\算法模型\data\features\physio\upfall\sub09_a6_t3_v2.npy,1055,16
upfall_sub09_a7_t1_v2,upfall,9,0,,C:\Users\H\Desktop\算法模型\data\features\physio\upfall\sub09_a7_t1_v2.npy,1093,16
upfall_sub09_a7_t2_v2,upfall,9,0,,C:\Users\H\Desktop\算法模型\data\features\physio\upfall\sub09_a7_t2_v2.npy,1074,16
upfall_sub09_a7_t3_v2,upfall,9,0,,C:\Users\H\Desktop\算法模型\data\features\physio\upfall\sub09_a7_t3_v2.npy,1037,16
upfall_sub09_a8_t1_v2,upfall,9,0,,C:\Users\H\Desktop\算法模型\data\features\physio\upfall\sub09_a8_t1_v2.npy,1069,16
upfall_sub09_a8_t2_v2,upfall,9,0,,C:\Users\H\Desktop\算法模型\data\features\physio\upfall\sub09_a8_t2_v2.npy,1097,16
upfall_sub09_a8_t3_v2,upfall,9,0,,C:\Users\H\Desktop\算法模型\data\features\physio\upfall\sub09_a8_t3_v2.npy,1069,16
upfall_sub09_a9_t1_v2,upfall,9,0,,C:\Users\H\Desktop\算法模型\data\features\physio\upfall\sub09_a9_t1_v2.npy,185,16
upfall_sub09_a9_t2_v2,upfall,9,0,,C:\Users\H\Desktop\算法模型\data\features\physio\upfall\sub09_a9_t2_v2.npy,181,16
upfall_sub09_a9_t3_v2,upfall,9,0,,C:\Users\H\Desktop\算法模型\data\features\physio\upfall\sub09_a9_t3_v2.npy,178,16
upfall_sub09_a10_t1_v2,upfall,9,0,,C:\Users\H\Desktop\算法模型\data\features\physio\upfall\sub09_a10_t1_v2.npy,557,16
upfall_sub09_a10_t2_v2,upfall,9,0,,C:\Users\H\Desktop\算法模型\data\features\physio\upfall\sub09_a10_t2_v2.npy,537,16
upfall_sub09_a10_t3_v2,upfall,9,0,,C:\Users\H\Desktop\算法模型\data\features\physio\upfall\sub09_a10_t3_v2.npy,554,16
upfall_sub09_a11_t1_v2,upfall,9,0,,C:\Users\H\Desktop\算法模型\data\features\physio\upfall\sub09_a11_t1_v2.npy,1094,16
upfall_sub09_a11_t2_v2,upfall,9,0,,C:\Users\H\Desktop\算法模型\data\features\physio\upfall\sub09_a11_t2_v2.npy,1098,16
upfall_sub09_a11_t3_v2,upfall,9,0,,C:\Users\H\Desktop\算法模型\data\features\physio\upfall\sub09_a11_t3_v2.npy,1113,16
upfall_sub10_a1_t1_v2,upfall,10,1,,C:\Users\H\Desktop\算法模型\data\features\physio\upfall\sub10_a1_t1_v2.npy,178,16
upfall_sub10_a1_t2_v2,upfall,10,1,,C:\Users\H\Desktop\算法模型\data\features\physio\upfall\sub10_a1_t2_v2.npy,175,16
upfall_sub10_a1_t3_v2,upfall,10,1,,C:\Users\H\Desktop\算法模型\data\features\physio\upfall\sub10_a1_t3_v2.npy,177,16
upfall_sub10_a2_t1_v2,upfall,10,1,,C:\Users\H\Desktop\算法模型\data\features\physio\upfall\sub10_a2_t1_v2.npy,172,16
upfall_sub10_a2_t2_v2,upfall,10,1,,C:\Users\H\Desktop\算法模型\data\features\physio\upfall\sub10_a2_t2_v2.npy,180,16
upfall_sub10_a2_t3_v2,upfall,10,1,,C:\Users\H\Desktop\算法模型\data\features\physio\upfall\sub10_a2_t3_v2.npy,175,16
upfall_sub10_a3_t1_v2,upfall,10,1,,C:\Users\H\Desktop\算法模型\data\features\physio\upfall\sub10_a3_t1_v2.npy,174,16
upfall_sub10_a3_t2_v2,upfall,10,1,,C:\Users\H\Desktop\算法模型\data\features\physio\upfall\sub10_a3_t2_v2.npy,180,16
upfall_sub10_a3_t3_v2,upfall,10,1,,C:\Users\H\Desktop\算法模型\data\features\physio\upfall\sub10_a3_t3_v2.npy,184,16
upfall_sub10_a4_t1_v2,upfall,10,1,,C:\Users\H\Desktop\算法模型\data\features\physio\upfall\sub10_a4_t1_v2.npy,185,16
upfall_sub10_a4_t2_v2,upfall,10,1,,C:\Users\H\Desktop\算法模型\data\features\physio\upfall\sub10_a4_t2_v2.npy,186,16
upfall_sub10_a4_t3_v2,upfall,10,1,,C:\Users\H\Desktop\算法模型\data\features\physio\upfall\sub10_a4_t3_v2.npy,188,16
upfall_sub10_a5_t1_v2,upfall,10,1,,C:\Users\H\Desktop\算法模型\data\features\physio\upfall\sub10_a5_t1_v2.npy,184,16
upfall_sub10_a5_t2_v2,upfall,10,1,,C:\Users\H\Desktop\算法模型\data\features\physio\upfall\sub10_a5_t2_v2.npy,185,16
upfall_sub10_a5_t3_v2,upfall,10,1,,C:\Users\H\Desktop\算法模型\data\features\physio\upfall\sub10_a5_t3_v2.npy,188,16
upfall_sub10_a6_t1_v2,upfall,10,0,,C:\Users\H\Desktop\算法模型\data\features\physio\upfall\sub10_a6_t1_v2.npy,1127,16
upfall_sub10_a6_t2_v2,upfall,10,0,,C:\Users\H\Desktop\算法模型\data\features\physio\upfall\sub10_a6_t2_v2.npy,1119,16
upfall_sub10_a6_t3_v2,upfall,10,0,,C:\Users\H\Desktop\算法模型\data\features\physio\upfall\sub10_a6_t3_v2.npy,1129,16
upfall_sub10_a7_t1_v2,upfall,10,0,,C:\Users\H\Desktop\算法模型\data\features\physio\upfall\sub10_a7_t1_v2.npy,1055,16
upfall_sub10_a7_t2_v2,upfall,10,0,,C:\Users\H\Desktop\算法模型\data\features\physio\upfall\sub10_a7_t2_v2.npy,1038,16
upfall_sub10_a7_t3_v2,upfall,10,0,,C:\Users\H\Desktop\算法模型\data\features\physio\upfall\sub10_a7_t3_v2.npy,1044,16
upfall_sub10_a8_t1_v2,upfall,10,0,,C:\Users\H\Desktop\算法模型\data\features\physio\upfall\sub10_a8_t1_v2.npy,1023,16
upfall_sub10_a8_t2_v2,upfall,10,0,,C:\Users\H\Desktop\算法模型\data\features\physio\upfall\sub10_a8_t2_v2.npy,1020,16
upfall_sub10_a8_t3_v2,upfall,10,0,,C:\Users\H\Desktop\算法模型\data\features\physio\upfall\sub10_a8_t3_v2.npy,1050,16
upfall_sub10_a9_t1_v2,upfall,10,0,,C:\Users\H\Desktop\算法模型\data\features\physio\upfall\sub10_a9_t1_v2.npy,162,16
upfall_sub10_a9_t2_v2,upfall,10,0,,C:\Users\H\Desktop\算法模型\data\features\physio\upfall\sub10_a9_t2_v2.npy,168,16
upfall_sub10_a9_t3_v2,upfall,10,0,,C:\Users\H\Desktop\算法模型\data\features\physio\upfall\sub10_a9_t3_v2.npy,168,16
upfall_sub10_a10_t1_v2,upfall,10,0,,C:\Users\H\Desktop\算法模型\data\features\physio\upfall\sub10_a10_t1_v2.npy,528,16
upfall_sub10_a10_t2_v2,upfall,10,0,,C:\Users\H\Desktop\算法模型\data\features\physio\upfall\sub10_a10_t2_v2.npy,528,16
upfall_sub10_a10_t3_v2,upfall,10,0,,C:\Users\H\Desktop\算法模型\data\features\physio\upfall\sub10_a10_t3_v2.npy,536,16
upfall_sub10_a11_t1_v2,upfall,10,0,,C:\Users\H\Desktop\算法模型\data\features\physio\upfall\sub10_a11_t1_v2.npy,1055,16
upfall_sub10_a11_t2_v2,upfall,10,0,,C:\Users\H\Desktop\算法模型\data\features\physio\upfall\sub10_a11_t2_v2.npy,1071,16
upfall_sub10_a11_t3_v2,upfall,10,0,,C:\Users\H\Desktop\算法模型\data\features\physio\upfall\sub10_a11_t3_v2.npy,1069,16
upfall_sub11_a1_t1_v2,upfall,11,1,,C:\Users\H\Desktop\算法模型\data\features\physio\upfall\sub11_a1_t1_v2.npy,177,16
upfall_sub11_a1_t2_v2,upfall,11,1,,C:\Users\H\Desktop\算法模型\data\features\physio\upfall\sub11_a1_t2_v2.npy,179,16
upfall_sub11_a1_t3_v2,upfall,11,1,,C:\Users\H\Desktop\算法模型\data\features\physio\upfall\sub11_a1_t3_v2.npy,170,16
upfall_sub11_a2_t1_v2,upfall,11,1,,C:\Users\H\Desktop\算法模型\data\features\physio\upfall\sub11_a2_t1_v2.npy,188,16
upfall_sub11_a2_t2_v2,upfall,11,1,,C:\Users\H\Desktop\算法模型\data\features\physio\upfall\sub11_a2_t2_v2.npy,185,16
upfall_sub11_a2_t3_v2,upfall,11,1,,C:\Users\H\Desktop\算法模型\data\features\physio\upfall\sub11_a2_t3_v2.npy,186,16
upfall_sub11_a3_t1_v2,upfall,11,1,,C:\Users\H\Desktop\算法模型\data\features\physio\upfall\sub11_a3_t1_v2.npy,190,16
upfall_sub11_a3_t2_v2,upfall,11,1,,C:\Users\H\Desktop\算法模型\data\features\physio\upfall\sub11_a3_t2_v2.npy,187,16
upfall_sub11_a3_t3_v2,upfall,11,1,,C:\Users\H\Desktop\算法模型\data\features\physio\upfall\sub11_a3_t3_v2.npy,189,16
upfall_sub11_a4_t1_v2,upfall,11,1,,C:\Users\H\Desktop\算法模型\data\features\physio\upfall\sub11_a4_t1_v2.npy,188,16
upfall_sub11_a4_t2_v2,upfall,11,1,,C:\Users\H\Desktop\算法模型\data\features\physio\upfall\sub11_a4_t2_v2.npy,189,16
upfall_sub11_a4_t3_v2,upfall,11,1,,C:\Users\H\Desktop\算法模型\data\features\physio\upfall\sub11_a4_t3_v2.npy,185,16
upfall_sub11_a5_t1_v2,upfall,11,1,,C:\Users\H\Desktop\算法模型\data\features\physio\upfall\sub11_a5_t1_v2.npy,189,16
upfall_sub11_a5_t2_v2,upfall,11,1,,C:\Users\H\Desktop\算法模型\data\features\physio\upfall\sub11_a5_t2_v2.npy,186,16
upfall_sub11_a5_t3_v2,upfall,11,1,,C:\Users\H\Desktop\算法模型\data\features\physio\upfall\sub11_a5_t3_v2.npy,187,16
upfall_sub11_a6_t1_v2,upfall,11,0,,C:\Users\H\Desktop\算法模型\data\features\physio\upfall\sub11_a6_t1_v2.npy,1138,16
upfall_sub11_a6_t2_v2,upfall,11,0,,C:\Users\H\Desktop\算法模型\data\features\physio\upfall\sub11_a6_t2_v2.npy,1141,16
upfall_sub11_a6_t3_v2,upfall,11,0,,C:\Users\H\Desktop\算法模型\data\features\physio\upfall\sub11_a6_t3_v2.npy,1144,16
upfall_sub11_a7_t1_v2,upfall,11,0,,C:\Users\H\Desktop\算法模型\data\features\physio\upfall\sub11_a7_t1_v2.npy,1110,16
upfall_sub11_a7_t2_v2,upfall,11,0,,C:\Users\H\Desktop\算法模型\data\features\physio\upfall\sub11_a7_t2_v2.npy,1071,16
upfall_sub11_a7_t3_v2,upfall,11,0,,C:\Users\H\Desktop\算法模型\data\features\physio\upfall\sub11_a7_t3_v2.npy,1059,16
upfall_sub11_a8_t1_v2,upfall,11,0,,C:\Users\H\Desktop\算法模型\data\features\physio\upfall\sub11_a8_t1_v2.npy,1039,16
upfall_sub11_a8_t2_v2,upfall,11,0,,C:\Users\H\Desktop\算法模型\data\features\physio\upfall\sub11_a8_t2_v2.npy,1097,16
upfall_sub11_a8_t3_v2,upfall,11,0,,C:\Users\H\Desktop\算法模型\data\features\physio\upfall\sub11_a8_t3_v2.npy,1071,16
upfall_sub11_a9_t1_v2,upfall,11,0,,C:\Users\H\Desktop\算法模型\data\features\physio\upfall\sub11_a9_t1_v2.npy,180,16
upfall_sub11_a9_t2_v2,upfall,11,0,,C:\Users\H\Desktop\算法模型\data\features\physio\upfall\sub11_a9_t2_v2.npy,186,16
upfall_sub11_a9_t3_v2,upfall,11,0,,C:\Users\H\Desktop\算法模型\data\features\physio\upfall\sub11_a9_t3_v2.npy,182,16
upfall_sub11_a10_t1_v2,upfall,11,0,,C:\Users\H\Desktop\算法模型\data\features\physio\upfall\sub11_a10_t1_v2.npy,554,16
upfall_sub11_a10_t2_v2,upfall,11,0,,C:\Users\H\Desktop\算法模型\data\features\physio\upfall\sub11_a10_t2_v2.npy,554,16
upfall_sub11_a10_t3_v2,upfall,11,0,,C:\Users\H\Desktop\算法模型\data\features\physio\upfall\sub11_a10_t3_v2.npy,565,16
upfall_sub11_a11_t1_v2,upfall,11,0,,C:\Users\H\Desktop\算法模型\data\features\physio\upfall\sub11_a11_t1_v2.npy,1084,16
upfall_sub11_a11_t2_v2,upfall,11,0,,C:\Users\H\Desktop\算法模型\data\features\physio\upfall\sub11_a11_t2_v2.npy,1091,16
upfall_sub11_a11_t3_v2,upfall,11,0,,C:\Users\H\Desktop\算法模型\data\features\physio\upfall\sub11_a11_t3_v2.npy,1085,16
upfall_sub12_a1_t1_v2,upfall,12,1,,C:\Users\H\Desktop\算法模型\data\features\physio\upfall\sub12_a1_t1_v2.npy,193,16
upfall_sub12_a1_t2_v2,upfall,12,1,,C:\Users\H\Desktop\算法模型\data\features\physio\upfall\sub12_a1_t2_v2.npy,193,16
upfall_sub12_a1_t3_v2,upfall,12,1,,C:\Users\H\Desktop\算法模型\data\features\physio\upfall\sub12_a1_t3_v2.npy,191,16
upfall_sub12_a2_t1_v2,upfall,12,1,,C:\Users\H\Desktop\算法模型\data\features\physio\upfall\sub12_a2_t1_v2.npy,195,16
upfall_sub12_a2_t2_v2,upfall,12,1,,C:\Users\H\Desktop\算法模型\data\features\physio\upfall\sub12_a2_t2_v2.npy,196,16
upfall_sub12_a2_t3_v2,upfall,12,1,,C:\Users\H\Desktop\算法模型\data\features\physio\upfall\sub12_a2_t3_v2.npy,200,16
upfall_sub12_a3_t1_v2,upfall,12,1,,C:\Users\H\Desktop\算法模型\data\features\physio\upfall\sub12_a3_t1_v2.npy,193,16
upfall_sub12_a3_t2_v2,upfall,12,1,,C:\Users\H\Desktop\算法模型\data\features\physio\upfall\sub12_a3_t2_v2.npy,192,16
upfall_sub12_a3_t3_v2,upfall,12,1,,C:\Users\H\Desktop\算法模型\data\features\physio\upfall\sub12_a3_t3_v2.npy,192,16
upfall_sub12_a4_t1_v2,upfall,12,1,,C:\Users\H\Desktop\算法模型\data\features\physio\upfall\sub12_a4_t1_v2.npy,192,16
upfall_sub12_a4_t2_v2,upfall,12,1,,C:\Users\H\Desktop\算法模型\data\features\physio\upfall\sub12_a4_t2_v2.npy,188,16
upfall_sub12_a4_t3_v2,upfall,12,1,,C:\Users\H\Desktop\算法模型\data\features\physio\upfall\sub12_a4_t3_v2.npy,189,16
upfall_sub12_a5_t1_v2,upfall,12,1,,C:\Users\H\Desktop\算法模型\data\features\physio\upfall\sub12_a5_t1_v2.npy,191,16
upfall_sub12_a5_t2_v2,upfall,12,1,,C:\Users\H\Desktop\算法模型\data\features\physio\upfall\sub12_a5_t2_v2.npy,190,16
upfall_sub12_a5_t3_v2,upfall,12,1,,C:\Users\H\Desktop\算法模型\data\features\physio\upfall\sub12_a5_t3_v2.npy,192,16
upfall_sub12_a6_t1_v2,upfall,12,0,,C:\Users\H\Desktop\算法模型\data\features\physio\upfall\sub12_a6_t1_v2.npy,1145,16
upfall_sub12_a6_t2_v2,upfall,12,0,,C:\Users\H\Desktop\算法模型\data\features\physio\upfall\sub12_a6_t2_v2.npy,1134,16
upfall_sub12_a6_t3_v2,upfall,12,0,,C:\Users\H\Desktop\算法模型\data\features\physio\upfall\sub12_a6_t3_v2.npy,1130,16
upfall_sub12_a7_t1_v2,upfall,12,0,,C:\Users\H\Desktop\算法模型\data\features\physio\upfall\sub12_a7_t1_v2.npy,1111,16
upfall_sub12_a7_t2_v2,upfall,12,0,,C:\Users\H\Desktop\算法模型\data\features\physio\upfall\sub12_a7_t2_v2.npy,1123,16
upfall_sub12_a7_t3_v2,upfall,12,0,,C:\Users\H\Desktop\算法模型\data\features\physio\upfall\sub12_a7_t3_v2.npy,1119,16
upfall_sub12_a8_t1_v2,upfall,12,0,,C:\Users\H\Desktop\算法模型\data\features\physio\upfall\sub12_a8_t1_v2.npy,1069,16
upfall_sub12_a8_t2_v2,upfall,12,0,,C:\Users\H\Desktop\算法模型\data\features\physio\upfall\sub12_a8_t2_v2.npy,1106,16
upfall_sub12_a8_t3_v2,upfall,12,0,,C:\Users\H\Desktop\算法模型\data\features\physio\upfall\sub12_a8_t3_v2.npy,1132,16
upfall_sub12_a9_t1_v2,upfall,12,0,,C:\Users\H\Desktop\算法模型\data\features\physio\upfall\sub12_a9_t1_v2.npy,187,16
upfall_sub12_a9_t2_v2,upfall,12,0,,C:\Users\H\Desktop\算法模型\data\features\physio\upfall\sub12_a9_t2_v2.npy,186,16
upfall_sub12_a9_t3_v2,upfall,12,0,,C:\Users\H\Desktop\算法模型\data\features\physio\upfall\sub12_a9_t3_v2.npy,183,16
upfall_sub12_a10_t1_v2,upfall,12,0,,C:\Users\H\Desktop\算法模型\data\features\physio\upfall\sub12_a10_t1_v2.npy,563,16
upfall_sub12_a10_t2_v2,upfall,12,0,,C:\Users\H\Desktop\算法模型\data\features\physio\upfall\sub12_a10_t2_v2.npy,569,16
upfall_sub12_a10_t3_v2,upfall,12,0,,C:\Users\H\Desktop\算法模型\data\features\physio\upfall\sub12_a10_t3_v2.npy,555,16
upfall_sub12_a11_t1_v2,upfall,12,0,,C:\Users\H\Desktop\算法模型\data\features\physio\upfall\sub12_a11_t1_v2.npy,1130,16
upfall_sub12_a11_t2_v2,upfall,12,0,,C:\Users\H\Desktop\算法模型\data\features\physio\upfall\sub12_a11_t2_v2.npy,1115,16
upfall_sub12_a11_t3_v2,upfall,12,0,,C:\Users\H\Desktop\算法模型\data\features\physio\upfall\sub12_a11_t3_v2.npy,1137,16
upfall_sub13_a1_t1_v2,upfall,13,1,,C:\Users\H\Desktop\算法模型\data\features\physio\upfall\sub13_a1_t1_v2.npy,176,16
upfall_sub13_a1_t2_v2,upfall,13,1,,C:\Users\H\Desktop\算法模型\data\features\physio\upfall\sub13_a1_t2_v2.npy,186,16
upfall_sub13_a1_t3_v2,upfall,13,1,,C:\Users\H\Desktop\算法模型\data\features\physio\upfall\sub13_a1_t3_v2.npy,184,16
upfall_sub13_a2_t1_v2,upfall,13,1,,C:\Users\H\Desktop\算法模型\data\features\physio\upfall\sub13_a2_t1_v2.npy,181,16
upfall_sub13_a2_t2_v2,upfall,13,1,,C:\Users\H\Desktop\算法模型\data\features\physio\upfall\sub13_a2_t2_v2.npy,178,16
upfall_sub13_a2_t3_v2,upfall,13,1,,C:\Users\H\Desktop\算法模型\data\features\physio\upfall\sub13_a2_t3_v2.npy,185,16
upfall_sub13_a3_t1_v2,upfall,13,1,,C:\Users\H\Desktop\算法模型\data\features\physio\upfall\sub13_a3_t1_v2.npy,184,16
upfall_sub13_a3_t2_v2,upfall,13,1,,C:\Users\H\Desktop\算法模型\data\features\physio\upfall\sub13_a3_t2_v2.npy,175,16
upfall_sub13_a3_t3_v2,upfall,13,1,,C:\Users\H\Desktop\算法模型\data\features\physio\upfall\sub13_a3_t3_v2.npy,184,16
upfall_sub13_a4_t1_v2,upfall,13,1,,C:\Users\H\Desktop\算法模型\data\features\physio\upfall\sub13_a4_t1_v2.npy,183,16
upfall_sub13_a4_t2_v2,upfall,13,1,,C:\Users\H\Desktop\算法模型\data\features\physio\upfall\sub13_a4_t2_v2.npy,168,16
upfall_sub13_a4_t3_v2,upfall,13,1,,C:\Users\H\Desktop\算法模型\data\features\physio\upfall\sub13_a4_t3_v2.npy,185,16
upfall_sub13_a5_t1_v2,upfall,13,1,,C:\Users\H\Desktop\算法模型\data\features\physio\upfall\sub13_a5_t1_v2.npy,175,16
upfall_sub13_a5_t2_v2,upfall,13,1,,C:\Users\H\Desktop\算法模型\data\features\physio\upfall\sub13_a5_t2_v2.npy,170,16
upfall_sub13_a5_t3_v2,upfall,13,1,,C:\Users\H\Desktop\算法模型\data\features\physio\upfall\sub13_a5_t3_v2.npy,178,16
upfall_sub13_a6_t1_v2,upfall,13,0,,C:\Users\H\Desktop\算法模型\data\features\physio\upfall\sub13_a6_t1_v2.npy,1043,16
upfall_sub13_a6_t2_v2,upfall,13,0,,C:\Users\H\Desktop\算法模型\data\features\physio\upfall\sub13_a6_t2_v2.npy,1020,16
upfall_sub13_a6_t3_v2,upfall,13,0,,C:\Users\H\Desktop\算法模型\data\features\physio\upfall\sub13_a6_t3_v2.npy,965,16
upfall_sub13_a7_t1_v2,upfall,13,0,,C:\Users\H\Desktop\算法模型\data\features\physio\upfall\sub13_a7_t1_v2.npy,1133,16
upfall_sub13_a7_t2_v2,upfall,13,0,,C:\Users\H\Desktop\算法模型\data\features\physio\upfall\sub13_a7_t2_v2.npy,1127,16
upfall_sub13_a7_t3_v2,upfall,13,0,,C:\Users\H\Desktop\算法模型\data\features\physio\upfall\sub13_a7_t3_v2.npy,1100,16
upfall_sub13_a8_t1_v2,upfall,13,0,,C:\Users\H\Desktop\算法模型\data\features\physio\upfall\sub13_a8_t1_v2.npy,1090,16
upfall_sub13_a8_t2_v2,upfall,13,0,,C:\Users\H\Desktop\算法模型\data\features\physio\upfall\sub13_a8_t2_v2.npy,1086,16
upfall_sub13_a8_t3_v2,upfall,13,0,,C:\Users\H\Desktop\算法模型\data\features\physio\upfall\sub13_a8_t3_v2.npy,1073,16
upfall_sub13_a9_t1_v2,upfall,13,0,,C:\Users\H\Desktop\算法模型\data\features\physio\upfall\sub13_a9_t1_v2.npy,177,16
upfall_sub13_a9_t2_v2,upfall,13,0,,C:\Users\H\Desktop\算法模型\data\features\physio\upfall\sub13_a9_t2_v2.npy,178,16
upfall_sub13_a9_t3_v2,upfall,13,0,,C:\Users\H\Desktop\算法模型\data\features\physio\upfall\sub13_a9_t3_v2.npy,180,16
upfall_sub13_a10_t1_v2,upfall,13,0,,C:\Users\H\Desktop\算法模型\data\features\physio\upfall\sub13_a10_t1_v2.npy,506,16
upfall_sub13_a10_t2_v2,upfall,13,0,,C:\Users\H\Desktop\算法模型\data\features\physio\upfall\sub13_a10_t2_v2.npy,504,16
upfall_sub13_a10_t3_v2,upfall,13,0,,C:\Users\H\Desktop\算法模型\data\features\physio\upfall\sub13_a10_t3_v2.npy,525,16
upfall_sub13_a11_t1_v2,upfall,13,0,,C:\Users\H\Desktop\算法模型\data\features\physio\upfall\sub13_a11_t1_v2.npy,1040,16
upfall_sub13_a11_t2_v2,upfall,13,0,,C:\Users\H\Desktop\算法模型\data\features\physio\upfall\sub13_a11_t2_v2.npy,1038,16
upfall_sub13_a11_t3_v2,upfall,13,0,,C:\Users\H\Desktop\算法模型\data\features\physio\upfall\sub13_a11_t3_v2.npy,1025,16
upfall_sub14_a1_t1_v2,upfall,14,1,,C:\Users\H\Desktop\算法模型\data\features\physio\upfall\sub14_a1_t1_v2.npy,185,16
upfall_sub14_a1_t2_v2,upfall,14,1,,C:\Users\H\Desktop\算法模型\data\features\physio\upfall\sub14_a1_t2_v2.npy,183,16
upfall_sub14_a1_t3_v2,upfall,14,1,,C:\Users\H\Desktop\算法模型\data\features\physio\upfall\sub14_a1_t3_v2.npy,183,16
upfall_sub14_a2_t1_v2,upfall,14,1,,C:\Users\H\Desktop\算法模型\data\features\physio\upfall\sub14_a2_t1_v2.npy,178,16
upfall_sub14_a2_t2_v2,upfall,14,1,,C:\Users\H\Desktop\算法模型\data\features\physio\upfall\sub14_a2_t2_v2.npy,169,16
upfall_sub14_a2_t3_v2,upfall,14,1,,C:\Users\H\Desktop\算法模型\data\features\physio\upfall\sub14_a2_t3_v2.npy,169,16
upfall_sub14_a3_t1_v2,upfall,14,1,,C:\Users\H\Desktop\算法模型\data\features\physio\upfall\sub14_a3_t1_v2.npy,181,16
upfall_sub14_a3_t2_v2,upfall,14,1,,C:\Users\H\Desktop\算法模型\data\features\physio\upfall\sub14_a3_t2_v2.npy,168,16
upfall_sub14_a3_t3_v2,upfall,14,1,,C:\Users\H\Desktop\算法模型\data\features\physio\upfall\sub14_a3_t3_v2.npy,183,16
upfall_sub14_a4_t1_v2,upfall,14,1,,C:\Users\H\Desktop\算法模型\data\features\physio\upfall\sub14_a4_t1_v2.npy,177,16
upfall_sub14_a4_t2_v2,upfall,14,1,,C:\Users\H\Desktop\算法模型\data\features\physio\upfall\sub14_a4_t2_v2.npy,177,16
upfall_sub14_a4_t3_v2,upfall,14,1,,C:\Users\H\Desktop\算法模型\data\features\physio\upfall\sub14_a4_t3_v2.npy,182,16
upfall_sub14_a5_t1_v2,upfall,14,1,,C:\Users\H\Desktop\算法模型\data\features\physio\upfall\sub14_a5_t1_v2.npy,181,16
upfall_sub14_a5_t2_v2,upfall,14,1,,C:\Users\H\Desktop\算法模型\data\features\physio\upfall\sub14_a5_t2_v2.npy,184,16
upfall_sub14_a5_t3_v2,upfall,14,1,,C:\Users\H\Desktop\算法模型\data\features\physio\upfall\sub14_a5_t3_v2.npy,179,16
upfall_sub14_a6_t1_v2,upfall,14,0,,C:\Users\H\Desktop\算法模型\data\features\physio\upfall\sub14_a6_t1_v2.npy,1036,16
upfall_sub14_a6_t2_v2,upfall,14,0,,C:\Users\H\Desktop\算法模型\data\features\physio\upfall\sub14_a6_t2_v2.npy,999,16
upfall_sub14_a6_t3_v2,upfall,14,0,,C:\Users\H\Desktop\算法模型\data\features\physio\upfall\sub14_a6_t3_v2.npy,1078,16
upfall_sub14_a7_t1_v2,upfall,14,0,,C:\Users\H\Desktop\算法模型\data\features\physio\upfall\sub14_a7_t1_v2.npy,1108,16
upfall_sub14_a7_t2_v2,upfall,14,0,,C:\Users\H\Desktop\算法模型\data\features\physio\upfall\sub14_a7_t2_v2.npy,1055,16
upfall_sub14_a7_t3_v2,upfall,14,0,,C:\Users\H\Desktop\算法模型\data\features\physio\upfall\sub14_a7_t3_v2.npy,1087,16
upfall_sub14_a8_t1_v2,upfall,14,0,,C:\Users\H\Desktop\算法模型\data\features\physio\upfall\sub14_a8_t1_v2.npy,1078,16
upfall_sub14_a8_t2_v2,upfall,14,0,,C:\Users\H\Desktop\算法模型\data\features\physio\upfall\sub14_a8_t2_v2.npy,1043,16
upfall_sub14_a8_t3_v2,upfall,14,0,,C:\Users\H\Desktop\算法模型\data\features\physio\upfall\sub14_a8_t3_v2.npy,1069,16
upfall_sub14_a9_t1_v2,upfall,14,0,,C:\Users\H\Desktop\算法模型\data\features\physio\upfall\sub14_a9_t1_v2.npy,162,16
upfall_sub14_a9_t2_v2,upfall,14,0,,C:\Users\H\Desktop\算法模型\data\features\physio\upfall\sub14_a9_t2_v2.npy,179,16
upfall_sub14_a9_t3_v2,upfall,14,0,,C:\Users\H\Desktop\算法模型\data\features\physio\upfall\sub14_a9_t3_v2.npy,173,16
upfall_sub14_a10_t1_v2,upfall,14,0,,C:\Users\H\Desktop\算法模型\data\features\physio\upfall\sub14_a10_t1_v2.npy,507,16
upfall_sub14_a10_t2_v2,upfall,14,0,,C:\Users\H\Desktop\算法模型\data\features\physio\upfall\sub14_a10_t2_v2.npy,504,16
upfall_sub14_a10_t3_v2,upfall,14,0,,C:\Users\H\Desktop\算法模型\data\features\physio\upfall\sub14_a10_t3_v2.npy,518,16
upfall_sub14_a11_t1_v2,upfall,14,0,,C:\Users\H\Desktop\算法模型\data\features\physio\upfall\sub14_a11_t1_v2.npy,1021,16
upfall_sub14_a11_t2_v2,upfall,14,0,,C:\Users\H\Desktop\算法模型\data\features\physio\upfall\sub14_a11_t2_v2.npy,935,16
upfall_sub14_a11_t3_v2,upfall,14,0,,C:\Users\H\Desktop\算法模型\data\features\physio\upfall\sub14_a11_t3_v2.npy,983,16
upfall_sub15_a1_t1_v2,upfall,15,1,,C:\Users\H\Desktop\算法模型\data\features\physio\upfall\sub15_a1_t1_v2.npy,182,16
upfall_sub15_a1_t2_v2,upfall,15,1,,C:\Users\H\Desktop\算法模型\data\features\physio\upfall\sub15_a1_t2_v2.npy,177,16
upfall_sub15_a1_t3_v2,upfall,15,1,,C:\Users\H\Desktop\算法模型\data\features\physio\upfall\sub15_a1_t3_v2.npy,179,16
upfall_sub15_a2_t1_v2,upfall,15,1,,C:\Users\H\Desktop\算法模型\data\features\physio\upfall\sub15_a2_t1_v2.npy,180,16
upfall_sub15_a2_t2_v2,upfall,15,1,,C:\Users\H\Desktop\算法模型\data\features\physio\upfall\sub15_a2_t2_v2.npy,175,16
upfall_sub15_a2_t3_v2,upfall,15,1,,C:\Users\H\Desktop\算法模型\data\features\physio\upfall\sub15_a2_t3_v2.npy,175,16
upfall_sub15_a3_t1_v2,upfall,15,1,,C:\Users\H\Desktop\算法模型\data\features\physio\upfall\sub15_a3_t1_v2.npy,184,16
upfall_sub15_a3_t2_v2,upfall,15,1,,C:\Users\H\Desktop\算法模型\data\features\physio\upfall\sub15_a3_t2_v2.npy,180,16
upfall_sub15_a3_t3_v2,upfall,15,1,,C:\Users\H\Desktop\算法模型\data\features\physio\upfall\sub15_a3_t3_v2.npy,187,16
upfall_sub15_a4_t1_v2,upfall,15,1,,C:\Users\H\Desktop\算法模型\data\features\physio\upfall\sub15_a4_t1_v2.npy,184,16
upfall_sub15_a4_t2_v2,upfall,15,1,,C:\Users\H\Desktop\算法模型\data\features\physio\upfall\sub15_a4_t2_v2.npy,174,16
upfall_sub15_a4_t3_v2,upfall,15,1,,C:\Users\H\Desktop\算法模型\data\features\physio\upfall\sub15_a4_t3_v2.npy,176,16
upfall_sub15_a5_t1_v2,upfall,15,1,,C:\Users\H\Desktop\算法模型\data\features\physio\upfall\sub15_a5_t1_v2.npy,181,16
upfall_sub15_a5_t2_v2,upfall,15,1,,C:\Users\H\Desktop\算法模型\data\features\physio\upfall\sub15_a5_t2_v2.npy,177,16
upfall_sub15_a5_t3_v2,upfall,15,1,,C:\Users\H\Desktop\算法模型\data\features\physio\upfall\sub15_a5_t3_v2.npy,175,16
upfall_sub15_a6_t1_v2,upfall,15,0,,C:\Users\H\Desktop\算法模型\data\features\physio\upfall\sub15_a6_t1_v2.npy,1069,16
upfall_sub15_a6_t2_v2,upfall,15,0,,C:\Users\H\Desktop\算法模型\data\features\physio\upfall\sub15_a6_t2_v2.npy,1073,16
upfall_sub15_a6_t3_v2,upfall,15,0,,C:\Users\H\Desktop\算法模型\data\features\physio\upfall\sub15_a6_t3_v2.npy,1065,16
upfall_sub15_a7_t1_v2,upfall,15,0,,C:\Users\H\Desktop\算法模型\data\features\physio\upfall\sub15_a7_t1_v2.npy,1041,16
upfall_sub15_a7_t2_v2,upfall,15,0,,C:\Users\H\Desktop\算法模型\data\features\physio\upfall\sub15_a7_t2_v2.npy,1040,16
upfall_sub15_a7_t3_v2,upfall,15,0,,C:\Users\H\Desktop\算法模型\data\features\physio\upfall\sub15_a7_t3_v2.npy,1060,16
upfall_sub15_a8_t1_v2,upfall,15,0,,C:\Users\H\Desktop\算法模型\data\features\physio\upfall\sub15_a8_t1_v2.npy,1057,16
upfall_sub15_a8_t2_v2,upfall,15,0,,C:\Users\H\Desktop\算法模型\data\features\physio\upfall\sub15_a8_t2_v2.npy,1083,16
upfall_sub15_a8_t3_v2,upfall,15,0,,C:\Users\H\Desktop\算法模型\data\features\physio\upfall\sub15_a8_t3_v2.npy,1051,16
upfall_sub15_a9_t1_v2,upfall,15,0,,C:\Users\H\Desktop\算法模型\data\features\physio\upfall\sub15_a9_t1_v2.npy,170,16
upfall_sub15_a9_t2_v2,upfall,15,0,,C:\Users\H\Desktop\算法模型\data\features\physio\upfall\sub15_a9_t2_v2.npy,172,16
upfall_sub15_a9_t3_v2,upfall,15,0,,C:\Users\H\Desktop\算法模型\data\features\physio\upfall\sub15_a9_t3_v2.npy,175,16
upfall_sub15_a10_t1_v2,upfall,15,0,,C:\Users\H\Desktop\算法模型\data\features\physio\upfall\sub15_a10_t1_v2.npy,492,16
upfall_sub15_a10_t2_v2,upfall,15,0,,C:\Users\H\Desktop\算法模型\data\features\physio\upfall\sub15_a10_t2_v2.npy,498,16
upfall_sub15_a10_t3_v2,upfall,15,0,,C:\Users\H\Desktop\算法模型\data\features\physio\upfall\sub15_a10_t3_v2.npy,507,16
upfall_sub15_a11_t1_v2,upfall,15,0,,C:\Users\H\Desktop\算法模型\data\features\physio\upfall\sub15_a11_t1_v2.npy,1010,16
upfall_sub15_a11_t2_v2,upfall,15,0,,C:\Users\H\Desktop\算法模型\data\features\physio\upfall\sub15_a11_t2_v2.npy,1005,16
upfall_sub15_a11_t3_v2,upfall,15,0,,C:\Users\H\Desktop\算法模型\data\features\physio\upfall\sub15_a11_t3_v2.npy,1111,16
upfall_sub16_a1_t1_v2,upfall,16,1,,C:\Users\H\Desktop\算法模型\data\features\physio\upfall\sub16_a1_t1_v2.npy,188,16
upfall_sub16_a1_t2_v2,upfall,16,1,,C:\Users\H\Desktop\算法模型\data\features\physio\upfall\sub16_a1_t2_v2.npy,174,16
upfall_sub16_a1_t3_v2,upfall,16,1,,C:\Users\H\Desktop\算法模型\data\features\physio\upfall\sub16_a1_t3_v2.npy,177,16
upfall_sub16_a2_t1_v2,upfall,16,1,,C:\Users\H\Desktop\算法模型\data\features\physio\upfall\sub16_a2_t1_v2.npy,171,16
upfall_sub16_a2_t2_v2,upfall,16,1,,C:\Users\H\Desktop\算法模型\data\features\physio\upfall\sub16_a2_t2_v2.npy,176,16
upfall_sub16_a2_t3_v2,upfall,16,1,,C:\Users\H\Desktop\算法模型\data\features\physio\upfall\sub16_a2_t3_v2.npy,171,16
upfall_sub16_a3_t1_v2,upfall,16,1,,C:\Users\H\Desktop\算法模型\data\features\physio\upfall\sub16_a3_t1_v2.npy,169,16
upfall_sub16_a3_t2_v2,upfall,16,1,,C:\Users\H\Desktop\算法模型\data\features\physio\upfall\sub16_a3_t2_v2.npy,177,16
upfall_sub16_a3_t3_v2,upfall,16,1,,C:\Users\H\Desktop\算法模型\data\features\physio\upfall\sub16_a3_t3_v2.npy,172,16
upfall_sub16_a4_t1_v2,upfall,16,1,,C:\Users\H\Desktop\算法模型\data\features\physio\upfall\sub16_a4_t1_v2.npy,168,16
upfall_sub16_a4_t2_v2,upfall,16,1,,C:\Users\H\Desktop\算法模型\data\features\physio\upfall\sub16_a4_t2_v2.npy,172,16
upfall_sub16_a4_t3_v2,upfall,16,1,,C:\Users\H\Desktop\算法模型\data\features\physio\upfall\sub16_a4_t3_v2.npy,174,16
upfall_sub16_a5_t1_v2,upfall,16,1,,C:\Users\H\Desktop\算法模型\data\features\physio\upfall\sub16_a5_t1_v2.npy,164,16
upfall_sub16_a5_t2_v2,upfall,16,1,,C:\Users\H\Desktop\算法模型\data\features\physio\upfall\sub16_a5_t2_v2.npy,170,16
upfall_sub16_a5_t3_v2,upfall,16,1,,C:\Users\H\Desktop\算法模型\data\features\physio\upfall\sub16_a5_t3_v2.npy,151,16
upfall_sub16_a6_t1_v2,upfall,16,0,,C:\Users\H\Desktop\算法模型\data\features\physio\upfall\sub16_a6_t1_v2.npy,983,16
upfall_sub16_a6_t2_v2,upfall,16,0,,C:\Users\H\Desktop\算法模型\data\features\physio\upfall\sub16_a6_t2_v2.npy,958,16
upfall_sub16_a6_t3_v2,upfall,16,0,,C:\Users\H\Desktop\算法模型\data\features\physio\upfall\sub16_a6_t3_v2.npy,937,16
upfall_sub16_a7_t1_v2,upfall,16,0,,C:\Users\H\Desktop\算法模型\data\features\physio\upfall\sub16_a7_t1_v2.npy,987,16
upfall_sub16_a7_t2_v2,upfall,16,0,,C:\Users\H\Desktop\算法模型\data\features\physio\upfall\sub16_a7_t2_v2.npy,993,16
upfall_sub16_a7_t3_v2,upfall,16,0,,C:\Users\H\Desktop\算法模型\data\features\physio\upfall\sub16_a7_t3_v2.npy,991,16
upfall_sub16_a8_t1_v2,upfall,16,0,,C:\Users\H\Desktop\算法模型\data\features\physio\upfall\sub16_a8_t1_v2.npy,1005,16
upfall_sub16_a8_t2_v2,upfall,16,0,,C:\Users\H\Desktop\算法模型\data\features\physio\upfall\sub16_a8_t2_v2.npy,978,16
upfall_sub16_a8_t3_v2,upfall,16,0,,C:\Users\H\Desktop\算法模型\data\features\physio\upfall\sub16_a8_t3_v2.npy,977,16
upfall_sub16_a9_t1_v2,upfall,16,0,,C:\Users\H\Desktop\算法模型\data\features\physio\upfall\sub16_a9_t1_v2.npy,158,16
upfall_sub16_a9_t2_v2,upfall,16,0,,C:\Users\H\Desktop\算法模型\data\features\physio\upfall\sub16_a9_t2_v2.npy,149,16
upfall_sub16_a9_t3_v2,upfall,16,0,,C:\Users\H\Desktop\算法模型\data\features\physio\upfall\sub16_a9_t3_v2.npy,141,16
upfall_sub16_a10_t1_v2,upfall,16,0,,C:\Users\H\Desktop\算法模型\data\features\physio\upfall\sub16_a10_t1_v2.npy,482,16
upfall_sub16_a10_t2_v2,upfall,16,0,,C:\Users\H\Desktop\算法模型\data\features\physio\upfall\sub16_a10_t2_v2.npy,485,16
upfall_sub16_a10_t3_v2,upfall,16,0,,C:\Users\H\Desktop\算法模型\data\features\physio\upfall\sub16_a10_t3_v2.npy,496,16
upfall_sub16_a11_t1_v2,upfall,16,0,,C:\Users\H\Desktop\算法模型\data\features\physio\upfall\sub16_a11_t1_v2.npy,960,16
upfall_sub16_a11_t2_v2,upfall,16,0,,C:\Users\H\Desktop\算法模型\data\features\physio\upfall\sub16_a11_t2_v2.npy,988,16
upfall_sub16_a11_t3_v2,upfall,16,0,,C:\Users\H\Desktop\算法模型\data\features\physio\upfall\sub16_a11_t3_v2.npy,925,16
upfall_sub17_a1_t1_v2,upfall,17,1,,C:\Users\H\Desktop\算法模型\data\features\physio\upfall\sub17_a1_t1_v2.npy,168,16
upfall_sub17_a1_t2_v2,upfall,17,1,,C:\Users\H\Desktop\算法模型\data\features\physio\upfall\sub17_a1_t2_v2.npy,177,16
upfall_sub17_a1_t3_v2,upfall,17,1,,C:\Users\H\Desktop\算法模型\data\features\physio\upfall\sub17_a1_t3_v2.npy,169,16
upfall_sub17_a2_t1_v2,upfall,17,1,,C:\Users\H\Desktop\算法模型\data\features\physio\upfall\sub17_a2_t1_v2.npy,182,16
upfall_sub17_a2_t2_v2,upfall,17,1,,C:\Users\H\Desktop\算法模型\data\features\physio\upfall\sub17_a2_t2_v2.npy,184,16
upfall_sub17_a2_t3_v2,upfall,17,1,,C:\Users\H\Desktop\算法模型\data\features\physio\upfall\sub17_a2_t3_v2.npy,185,16
upfall_sub17_a3_t1_v2,upfall,17,1,,C:\Users\H\Desktop\算法模型\data\features\physio\upfall\sub17_a3_t1_v2.npy,186,16
upfall_sub17_a3_t2_v2,upfall,17,1,,C:\Users\H\Desktop\算法模型\data\features\physio\upfall\sub17_a3_t2_v2.npy,184,16
upfall_sub17_a3_t3_v2,upfall,17,1,,C:\Users\H\Desktop\算法模型\data\features\physio\upfall\sub17_a3_t3_v2.npy,184,16
upfall_sub17_a4_t1_v2,upfall,17,1,,C:\Users\H\Desktop\算法模型\data\features\physio\upfall\sub17_a4_t1_v2.npy,188,16
upfall_sub17_a4_t2_v2,upfall,17,1,,C:\Users\H\Desktop\算法模型\data\features\physio\upfall\sub17_a4_t2_v2.npy,185,16
upfall_sub17_a4_t3_v2,upfall,17,1,,C:\Users\H\Desktop\算法模型\data\features\physio\upfall\sub17_a4_t3_v2.npy,176,16
upfall_sub17_a5_t1_v2,upfall,17,1,,C:\Users\H\Desktop\算法模型\data\features\physio\upfall\sub17_a5_t1_v2.npy,182,16
upfall_sub17_a5_t2_v2,upfall,17,1,,C:\Users\H\Desktop\算法模型\data\features\physio\upfall\sub17_a5_t2_v2.npy,180,16
upfall_sub17_a5_t3_v2,upfall,17,1,,C:\Users\H\Desktop\算法模型\data\features\physio\upfall\sub17_a5_t3_v2.npy,177,16
upfall_sub17_a6_t1_v2,upfall,17,0,,C:\Users\H\Desktop\算法模型\data\features\physio\upfall\sub17_a6_t1_v2.npy,1091,16
upfall_sub17_a6_t2_v2,upfall,17,0,,C:\Users\H\Desktop\算法模型\data\features\physio\upfall\sub17_a6_t2_v2.npy,1085,16
upfall_sub17_a6_t3_v2,upfall,17,0,,C:\Users\H\Desktop\算法模型\data\features\physio\upfall\sub17_a6_t3_v2.npy,1078,16
upfall_sub17_a7_t1_v2,upfall,17,0,,C:\Users\H\Desktop\算法模型\data\features\physio\upfall\sub17_a7_t1_v2.npy,1018,16
upfall_sub17_a7_t2_v2,upfall,17,0,,C:\Users\H\Desktop\算法模型\data\features\physio\upfall\sub17_a7_t2_v2.npy,996,16
upfall_sub17_a7_t3_v2,upfall,17,0,,C:\Users\H\Desktop\算法模型\data\features\physio\upfall\sub17_a7_t3_v2.npy,1000,16
upfall_sub17_a8_t1_v2,upfall,17,0,,C:\Users\H\Desktop\算法模型\data\features\physio\upfall\sub17_a8_t1_v2.npy,1043,16
upfall_sub17_a8_t2_v2,upfall,17,0,,C:\Users\H\Desktop\算法模型\data\features\physio\upfall\sub17_a8_t2_v2.npy,1057,16
upfall_sub17_a8_t3_v2,upfall,17,0,,C:\Users\H\Desktop\算法模型\data\features\physio\upfall\sub17_a8_t3_v2.npy,1061,16
upfall_sub17_a9_t1_v2,upfall,17,0,,C:\Users\H\Desktop\算法模型\data\features\physio\upfall\sub17_a9_t1_v2.npy,182,16
upfall_sub17_a9_t2_v2,upfall,17,0,,C:\Users\H\Desktop\算法模型\data\features\physio\upfall\sub17_a9_t2_v2.npy,179,16
upfall_sub17_a9_t3_v2,upfall,17,0,,C:\Users\H\Desktop\算法模型\data\features\physio\upfall\sub17_a9_t3_v2.npy,176,16
upfall_sub17_a10_t1_v2,upfall,17,0,,C:\Users\H\Desktop\算法模型\data\features\physio\upfall\sub17_a10_t1_v2.npy,544,16
upfall_sub17_a10_t2_v2,upfall,17,0,,C:\Users\H\Desktop\算法模型\data\features\physio\upfall\sub17_a10_t2_v2.npy,523,16
upfall_sub17_a10_t3_v2,upfall,17,0,,C:\Users\H\Desktop\算法模型\data\features\physio\upfall\sub17_a10_t3_v2.npy,532,16
upfall_sub17_a11_t1_v2,upfall,17,0,,C:\Users\H\Desktop\算法模型\data\features\physio\upfall\sub17_a11_t1_v2.npy,1054,16
upfall_sub17_a11_t2_v2,upfall,17,0,,C:\Users\H\Desktop\算法模型\data\features\physio\upfall\sub17_a11_t2_v2.npy,1049,16
upfall_sub17_a11_t3_v2,upfall,17,0,,C:\Users\H\Desktop\算法模型\data\features\physio\upfall\sub17_a11_t3_v2.npy,1036,16
ger_user1_user1_adl1,geriatric,1,0,,C:\Users\H\Desktop\算法模型\data\features\physio\geriatric\user1_user1_adl1.npy,1094,4
ger_user1_user1_adl10,geriatric,1,0,,C:\Users\H\Desktop\算法模型\data\features\physio\geriatric\user1_user1_adl10.npy,223,4
ger_user1_user1_adl11,geriatric,1,0,,C:\Users\H\Desktop\算法模型\data\features\physio\geriatric\user1_user1_adl11.npy,156,4
ger_user1_user1_adl12,geriatric,1,0,,C:\Users\H\Desktop\算法模型\data\features\physio\geriatric\user1_user1_adl12.npy,507,4
ger_user1_user1_adl13,geriatric,1,0,,C:\Users\H\Desktop\算法模型\data\features\physio\geriatric\user1_user1_adl13.npy,672,4
ger_user1_user1_adl14,geriatric,1,0,,C:\Users\H\Desktop\算法模型\data\features\physio\geriatric\user1_user1_adl14.npy,80,4
ger_user1_user1_adl15,geriatric,1,0,,C:\Users\H\Desktop\算法模型\data\features\physio\geriatric\user1_user1_adl15.npy,162,4
ger_user1_user1_adl16,geriatric,1,0,,C:\Users\H\Desktop\算法模型\data\features\physio\geriatric\user1_user1_adl16.npy,132,4
ger_user1_user1_adl2,geriatric,1,0,,C:\Users\H\Desktop\算法模型\data\features\physio\geriatric\user1_user1_adl2.npy,871,4
ger_user1_user1_adl3,geriatric,1,0,,C:\Users\H\Desktop\算法模型\data\features\physio\geriatric\user1_user1_adl3.npy,194,4
ger_user1_user1_adl4,geriatric,1,0,,C:\Users\H\Desktop\算法模型\data\features\physio\geriatric\user1_user1_adl4.npy,165,4
ger_user1_user1_adl5,geriatric,1,0,,C:\Users\H\Desktop\算法模型\data\features\physio\geriatric\user1_user1_adl5.npy,879,4
ger_user1_user1_adl6,geriatric,1,0,,C:\Users\H\Desktop\算法模型\data\features\physio\geriatric\user1_user1_adl6.npy,147,4
ger_user1_user1_adl7,geriatric,1,0,,C:\Users\H\Desktop\算法模型\data\features\physio\geriatric\user1_user1_adl7.npy,74,4
ger_user1_user1_adl8,geriatric,1,0,,C:\Users\H\Desktop\算法模型\data\features\physio\geriatric\user1_user1_adl8.npy,254,4
ger_user1_user1_adl9,geriatric,1,0,,C:\Users\H\Desktop\算法模型\data\features\physio\geriatric\user1_user1_adl9.npy,359,4
ger_user10_user10_adl1,geriatric,10,0,,C:\Users\H\Desktop\算法模型\data\features\physio\geriatric\user10_user10_adl1.npy,8049,4
ger_user10_user10_adl10,geriatric,10,0,,C:\Users\H\Desktop\算法模型\data\features\physio\geriatric\user10_user10_adl10.npy,2209,4
ger_user10_user10_adl11,geriatric,10,0,,C:\Users\H\Desktop\算法模型\data\features\physio\geriatric\user10_user10_adl11.npy,4544,4
ger_user10_user10_adl12,geriatric,10,0,,C:\Users\H\Desktop\算法模型\data\features\physio\geriatric\user10_user10_adl12.npy,2810,4
ger_user10_user10_adl13,geriatric,10,0,,C:\Users\H\Desktop\算法模型\data\features\physio\geriatric\user10_user10_adl13.npy,1935,4
ger_user10_user10_adl14,geriatric,10,0,,C:\Users\H\Desktop\算法模型\data\features\physio\geriatric\user10_user10_adl14.npy,1893,4
ger_user10_user10_adl15,geriatric,10,0,,C:\Users\H\Desktop\算法模型\data\features\physio\geriatric\user10_user10_adl15.npy,4472,4
ger_user10_user10_adl16,geriatric,10,0,,C:\Users\H\Desktop\算法模型\data\features\physio\geriatric\user10_user10_adl16.npy,4548,4
ger_user10_user10_adl2,geriatric,10,0,,C:\Users\H\Desktop\算法模型\data\features\physio\geriatric\user10_user10_adl2.npy,21715,4
ger_user10_user10_adl3,geriatric,10,0,,C:\Users\H\Desktop\算法模型\data\features\physio\geriatric\user10_user10_adl3.npy,9580,4
ger_user10_user10_adl4,geriatric,10,0,,C:\Users\H\Desktop\算法模型\data\features\physio\geriatric\user10_user10_adl4.npy,3033,4
ger_user10_user10_adl5,geriatric,10,0,,C:\Users\H\Desktop\算法模型\data\features\physio\geriatric\user10_user10_adl5.npy,6356,4
ger_user10_user10_adl6,geriatric,10,0,,C:\Users\H\Desktop\算法模型\data\features\physio\geriatric\user10_user10_adl6.npy,8214,4
ger_user10_user10_adl7,geriatric,10,0,,C:\Users\H\Desktop\算法模型\data\features\physio\geriatric\user10_user10_adl7.npy,2946,4
ger_user10_user10_adl8,geriatric,10,0,,C:\Users\H\Desktop\算法模型\data\features\physio\geriatric\user10_user10_adl8.npy,13854,4
ger_user10_user10_adl9,geriatric,10,0,,C:\Users\H\Desktop\算法模型\data\features\physio\geriatric\user10_user10_adl9.npy,1434,4
ger_user11_user11_adl1,geriatric,11,0,,C:\Users\H\Desktop\算法模型\data\features\physio\geriatric\user11_user11_adl1.npy,2390,4
ger_user11_user11_adl10,geriatric,11,0,,C:\Users\H\Desktop\算法模型\data\features\physio\geriatric\user11_user11_adl10.npy,4556,4
ger_user11_user11_adl11,geriatric,11,0,,C:\Users\H\Desktop\算法模型\data\features\physio\geriatric\user11_user11_adl11.npy,2548,4
ger_user11_user11_adl12,geriatric,11,0,,C:\Users\H\Desktop\算法模型\data\features\physio\geriatric\user11_user11_adl12.npy,3114,4
ger_user11_user11_adl13,geriatric,11,0,,C:\Users\H\Desktop\算法模型\data\features\physio\geriatric\user11_user11_adl13.npy,2629,4
ger_user11_user11_adl14,geriatric,11,0,,C:\Users\H\Desktop\算法模型\data\features\physio\geriatric\user11_user11_adl14.npy,3597,4
ger_user11_user11_adl15,geriatric,11,0,,C:\Users\H\Desktop\算法模型\data\features\physio\geriatric\user11_user11_adl15.npy,3753,4
ger_user11_user11_adl16,geriatric,11,0,,C:\Users\H\Desktop\算法模型\data\features\physio\geriatric\user11_user11_adl16.npy,1925,4
ger_user11_user11_adl2,geriatric,11,0,,C:\Users\H\Desktop\算法模型\data\features\physio\geriatric\user11_user11_adl2.npy,1457,4
ger_user11_user11_adl3,geriatric,11,0,,C:\Users\H\Desktop\算法模型\data\features\physio\geriatric\user11_user11_adl3.npy,12117,4
ger_user11_user11_adl4,geriatric,11,0,,C:\Users\H\Desktop\算法模型\data\features\physio\geriatric\user11_user11_adl4.npy,4969,4
ger_user11_user11_adl5,geriatric,11,0,,C:\Users\H\Desktop\算法模型\data\features\physio\geriatric\user11_user11_adl5.npy,3111,4
ger_user11_user11_adl6,geriatric,11,0,,C:\Users\H\Desktop\算法模型\data\features\physio\geriatric\user11_user11_adl6.npy,1513,4
ger_user11_user11_adl7,geriatric,11,0,,C:\Users\H\Desktop\算法模型\data\features\physio\geriatric\user11_user11_adl7.npy,6377,4
ger_user11_user11_adl8,geriatric,11,0,,C:\Users\H\Desktop\算法模型\data\features\physio\geriatric\user11_user11_adl8.npy,3398,4
ger_user11_user11_adl9,geriatric,11,0,,C:\Users\H\Desktop\算法模型\data\features\physio\geriatric\user11_user11_adl9.npy,6045,4
ger_user12_user12_adl1,geriatric,12,0,,C:\Users\H\Desktop\算法模型\data\features\physio\geriatric\user12_user12_adl1.npy,3644,4
ger_user12_user12_adl10,geriatric,12,0,,C:\Users\H\Desktop\算法模型\data\features\physio\geriatric\user12_user12_adl10.npy,937,4
ger_user12_user12_adl11,geriatric,12,0,,C:\Users\H\Desktop\算法模型\data\features\physio\geriatric\user12_user12_adl11.npy,720,4
ger_user12_user12_adl12,geriatric,12,0,,C:\Users\H\Desktop\算法模型\data\features\physio\geriatric\user12_user12_adl12.npy,1571,4
ger_user12_user12_adl13,geriatric,12,0,,C:\Users\H\Desktop\算法模型\data\features\physio\geriatric\user12_user12_adl13.npy,5674,4
ger_user12_user12_adl14,geriatric,12,0,,C:\Users\H\Desktop\算法模型\data\features\physio\geriatric\user12_user12_adl14.npy,2911,4
ger_user12_user12_adl15,geriatric,12,0,,C:\Users\H\Desktop\算法模型\data\features\physio\geriatric\user12_user12_adl15.npy,2281,4
ger_user12_user12_adl16,geriatric,12,0,,C:\Users\H\Desktop\算法模型\data\features\physio\geriatric\user12_user12_adl16.npy,2316,4
ger_user12_user12_adl2,geriatric,12,0,,C:\Users\H\Desktop\算法模型\data\features\physio\geriatric\user12_user12_adl2.npy,2431,4
ger_user12_user12_adl3,geriatric,12,0,,C:\Users\H\Desktop\算法模型\data\features\physio\geriatric\user12_user12_adl3.npy,1413,4
ger_user12_user12_adl4,geriatric,12,0,,C:\Users\H\Desktop\算法模型\data\features\physio\geriatric\user12_user12_adl4.npy,3302,4
ger_user12_user12_adl5,geriatric,12,0,,C:\Users\H\Desktop\算法模型\data\features\physio\geriatric\user12_user12_adl5.npy,2554,4
ger_user12_user12_adl6,geriatric,12,0,,C:\Users\H\Desktop\算法模型\data\features\physio\geriatric\user12_user12_adl6.npy,2484,4
ger_user12_user12_adl7,geriatric,12,0,,C:\Users\H\Desktop\算法模型\data\features\physio\geriatric\user12_user12_adl7.npy,1278,4
ger_user12_user12_adl8,geriatric,12,0,,C:\Users\H\Desktop\算法模型\data\features\physio\geriatric\user12_user12_adl8.npy,1068,4
ger_user12_user12_adl9,geriatric,12,0,,C:\Users\H\Desktop\算法模型\data\features\physio\geriatric\user12_user12_adl9.npy,838,4
ger_user13_user13_adl1,geriatric,13,0,,C:\Users\H\Desktop\算法模型\data\features\physio\geriatric\user13_user13_adl1.npy,3195,4
ger_user13_user13_adl10,geriatric,13,0,,C:\Users\H\Desktop\算法模型\data\features\physio\geriatric\user13_user13_adl10.npy,1162,4
ger_user13_user13_adl11,geriatric,13,0,,C:\Users\H\Desktop\算法模型\data\features\physio\geriatric\user13_user13_adl11.npy,776,4
ger_user13_user13_adl12,geriatric,13,0,,C:\Users\H\Desktop\算法模型\data\features\physio\geriatric\user13_user13_adl12.npy,1961,4
ger_user13_user13_adl13,geriatric,13,0,,C:\Users\H\Desktop\算法模型\data\features\physio\geriatric\user13_user13_adl13.npy,1703,4
ger_user13_user13_adl14,geriatric,13,0,,C:\Users\H\Desktop\算法模型\data\features\physio\geriatric\user13_user13_adl14.npy,637,4
ger_user13_user13_adl15,geriatric,13,0,,C:\Users\H\Desktop\算法模型\data\features\physio\geriatric\user13_user13_adl15.npy,934,4
ger_user13_user13_adl16,geriatric,13,0,,C:\Users\H\Desktop\算法模型\data\features\physio\geriatric\user13_user13_adl16.npy,1096,4
ger_user13_user13_adl2,geriatric,13,0,,C:\Users\H\Desktop\算法模型\data\features\physio\geriatric\user13_user13_adl2.npy,1260,4
ger_user13_user13_adl3,geriatric,13,0,,C:\Users\H\Desktop\算法模型\data\features\physio\geriatric\user13_user13_adl3.npy,717,4
ger_user13_user13_adl4,geriatric,13,0,,C:\Users\H\Desktop\算法模型\data\features\physio\geriatric\user13_user13_adl4.npy,705,4
ger_user13_user13_adl5,geriatric,13,0,,C:\Users\H\Desktop\算法模型\data\features\physio\geriatric\user13_user13_adl5.npy,4143,4
ger_user13_user13_adl6,geriatric,13,0,,C:\Users\H\Desktop\算法模型\data\features\physio\geriatric\user13_user13_adl6.npy,3076,4
ger_user13_user13_adl7,geriatric,13,0,,C:\Users\H\Desktop\算法模型\data\features\physio\geriatric\user13_user13_adl7.npy,905,4
ger_user13_user13_adl8,geriatric,13,0,,C:\Users\H\Desktop\算法模型\data\features\physio\geriatric\user13_user13_adl8.npy,740,4
ger_user13_user13_adl9,geriatric,13,0,,C:\Users\H\Desktop\算法模型\data\features\physio\geriatric\user13_user13_adl9.npy,2880,4
ger_user14_user14_adl1,geriatric,14,0,,C:\Users\H\Desktop\算法模型\data\features\physio\geriatric\user14_user14_adl1.npy,1217,4
ger_user14_user14_adl10,geriatric,14,0,,C:\Users\H\Desktop\算法模型\data\features\physio\geriatric\user14_user14_adl10.npy,1501,4
ger_user14_user14_adl11,geriatric,14,0,,C:\Users\H\Desktop\算法模型\data\features\physio\geriatric\user14_user14_adl11.npy,1361,4
ger_user14_user14_adl12,geriatric,14,0,,C:\Users\H\Desktop\算法模型\data\features\physio\geriatric\user14_user14_adl12.npy,1527,4
ger_user14_user14_adl13,geriatric,14,0,,C:\Users\H\Desktop\算法模型\data\features\physio\geriatric\user14_user14_adl13.npy,931,4
ger_user14_user14_adl14,geriatric,14,0,,C:\Users\H\Desktop\算法模型\data\features\physio\geriatric\user14_user14_adl14.npy,2168,4
ger_user14_user14_adl15,geriatric,14,0,,C:\Users\H\Desktop\算法模型\data\features\physio\geriatric\user14_user14_adl15.npy,1381,4
ger_user14_user14_adl16,geriatric,14,0,,C:\Users\H\Desktop\算法模型\data\features\physio\geriatric\user14_user14_adl16.npy,1873,4
ger_user14_user14_adl2,geriatric,14,0,,C:\Users\H\Desktop\算法模型\data\features\physio\geriatric\user14_user14_adl2.npy,1133,4
ger_user14_user14_adl3,geriatric,14,0,,C:\Users\H\Desktop\算法模型\data\features\physio\geriatric\user14_user14_adl3.npy,9129,4
ger_user14_user14_adl4,geriatric,14,0,,C:\Users\H\Desktop\算法模型\data\features\physio\geriatric\user14_user14_adl4.npy,1441,4
ger_user14_user14_adl5,geriatric,14,0,,C:\Users\H\Desktop\算法模型\data\features\physio\geriatric\user14_user14_adl5.npy,4299,4
ger_user14_user14_adl6,geriatric,14,0,,C:\Users\H\Desktop\算法模型\data\features\physio\geriatric\user14_user14_adl6.npy,1010,4
ger_user14_user14_adl7,geriatric,14,0,,C:\Users\H\Desktop\算法模型\data\features\physio\geriatric\user14_user14_adl7.npy,1013,4
ger_user14_user14_adl8,geriatric,14,0,,C:\Users\H\Desktop\算法模型\data\features\physio\geriatric\user14_user14_adl8.npy,1082,4
ger_user14_user14_adl9,geriatric,14,0,,C:\Users\H\Desktop\算法模型\data\features\physio\geriatric\user14_user14_adl9.npy,1088,4
ger_user15_user15_adl1,geriatric,15,0,,C:\Users\H\Desktop\算法模型\data\features\physio\geriatric\user15_user15_adl1.npy,3962,4
ger_user15_user15_adl10,geriatric,15,0,,C:\Users\H\Desktop\算法模型\data\features\physio\geriatric\user15_user15_adl10.npy,2072,4
ger_user15_user15_adl11,geriatric,15,0,,C:\Users\H\Desktop\算法模型\data\features\physio\geriatric\user15_user15_adl11.npy,709,4
ger_user15_user15_adl12,geriatric,15,0,,C:\Users\H\Desktop\算法模型\data\features\physio\geriatric\user15_user15_adl12.npy,844,4
ger_user15_user15_adl13,geriatric,15,0,,C:\Users\H\Desktop\算法模型\data\features\physio\geriatric\user15_user15_adl13.npy,1244,4
ger_user15_user15_adl14,geriatric,15,0,,C:\Users\H\Desktop\算法模型\data\features\physio\geriatric\user15_user15_adl14.npy,3408,4
ger_user15_user15_adl15,geriatric,15,0,,C:\Users\H\Desktop\算法模型\data\features\physio\geriatric\user15_user15_adl15.npy,2306,4
ger_user15_user15_adl16,geriatric,15,0,,C:\Users\H\Desktop\算法模型\data\features\physio\geriatric\user15_user15_adl16.npy,908,4
ger_user15_user15_adl2,geriatric,15,0,,C:\Users\H\Desktop\算法模型\data\features\physio\geriatric\user15_user15_adl2.npy,915,4
ger_user15_user15_adl3,geriatric,15,0,,C:\Users\H\Desktop\算法模型\data\features\physio\geriatric\user15_user15_adl3.npy,1480,4
ger_user15_user15_adl4,geriatric,15,0,,C:\Users\H\Desktop\算法模型\data\features\physio\geriatric\user15_user15_adl4.npy,1944,4
ger_user15_user15_adl5,geriatric,15,0,,C:\Users\H\Desktop\算法模型\data\features\physio\geriatric\user15_user15_adl5.npy,5868,4
ger_user15_user15_adl6,geriatric,15,0,,C:\Users\H\Desktop\算法模型\data\features\physio\geriatric\user15_user15_adl6.npy,1285,4
ger_user15_user15_adl7,geriatric,15,0,,C:\Users\H\Desktop\算法模型\data\features\physio\geriatric\user15_user15_adl7.npy,834,4
ger_user15_user15_adl8,geriatric,15,0,,C:\Users\H\Desktop\算法模型\data\features\physio\geriatric\user15_user15_adl8.npy,1396,4
ger_user15_user15_adl9,geriatric,15,0,,C:\Users\H\Desktop\算法模型\data\features\physio\geriatric\user15_user15_adl9.npy,905,4
ger_user16_user16_adl1,geriatric,16,0,,C:\Users\H\Desktop\算法模型\data\features\physio\geriatric\user16_user16_adl1.npy,2320,4
ger_user16_user16_adl10,geriatric,16,0,,C:\Users\H\Desktop\算法模型\data\features\physio\geriatric\user16_user16_adl10.npy,912,4
ger_user16_user16_adl11,geriatric,16,0,,C:\Users\H\Desktop\算法模型\data\features\physio\geriatric\user16_user16_adl11.npy,992,4
ger_user16_user16_adl12,geriatric,16,0,,C:\Users\H\Desktop\算法模型\data\features\physio\geriatric\user16_user16_adl12.npy,1527,4
ger_user16_user16_adl13,geriatric,16,0,,C:\Users\H\Desktop\算法模型\data\features\physio\geriatric\user16_user16_adl13.npy,958,4
ger_user16_user16_adl14,geriatric,16,0,,C:\Users\H\Desktop\算法模型\data\features\physio\geriatric\user16_user16_adl14.npy,1312,4
ger_user16_user16_adl15,geriatric,16,0,,C:\Users\H\Desktop\算法模型\data\features\physio\geriatric\user16_user16_adl15.npy,1103,4
ger_user16_user16_adl16,geriatric,16,0,,C:\Users\H\Desktop\算法模型\data\features\physio\geriatric\user16_user16_adl16.npy,2262,4
ger_user16_user16_adl2,geriatric,16,0,,C:\Users\H\Desktop\算法模型\data\features\physio\geriatric\user16_user16_adl2.npy,1319,4
ger_user16_user16_adl3,geriatric,16,0,,C:\Users\H\Desktop\算法模型\data\features\physio\geriatric\user16_user16_adl3.npy,624,4
ger_user16_user16_adl4,geriatric,16,0,,C:\Users\H\Desktop\算法模型\data\features\physio\geriatric\user16_user16_adl4.npy,4467,4
ger_user16_user16_adl5,geriatric,16,0,,C:\Users\H\Desktop\算法模型\data\features\physio\geriatric\user16_user16_adl5.npy,2607,4
ger_user16_user16_adl6,geriatric,16,0,,C:\Users\H\Desktop\算法模型\data\features\physio\geriatric\user16_user16_adl6.npy,748,4
ger_user16_user16_adl7,geriatric,16,0,,C:\Users\H\Desktop\算法模型\data\features\physio\geriatric\user16_user16_adl7.npy,808,4
ger_user16_user16_adl8,geriatric,16,0,,C:\Users\H\Desktop\算法模型\data\features\physio\geriatric\user16_user16_adl8.npy,1359,4
ger_user16_user16_adl9,geriatric,16,0,,C:\Users\H\Desktop\算法模型\data\features\physio\geriatric\user16_user16_adl9.npy,715,4
ger_user17_user17_adl1,geriatric,17,0,,C:\Users\H\Desktop\算法模型\data\features\physio\geriatric\user17_user17_adl1.npy,1954,4
ger_user17_user17_adl10,geriatric,17,0,,C:\Users\H\Desktop\算法模型\data\features\physio\geriatric\user17_user17_adl10.npy,948,4
ger_user17_user17_adl11,geriatric,17,0,,C:\Users\H\Desktop\算法模型\data\features\physio\geriatric\user17_user17_adl11.npy,942,4
ger_user17_user17_adl12,geriatric,17,0,,C:\Users\H\Desktop\算法模型\data\features\physio\geriatric\user17_user17_adl12.npy,1471,4
ger_user17_user17_adl13,geriatric,17,0,,C:\Users\H\Desktop\算法模型\data\features\physio\geriatric\user17_user17_adl13.npy,1965,4
ger_user17_user17_adl14,geriatric,17,0,,C:\Users\H\Desktop\算法模型\data\features\physio\geriatric\user17_user17_adl14.npy,2282,4
ger_user17_user17_adl15,geriatric,17,0,,C:\Users\H\Desktop\算法模型\data\features\physio\geriatric\user17_user17_adl15.npy,1707,4
ger_user17_user17_adl16,geriatric,17,0,,C:\Users\H\Desktop\算法模型\data\features\physio\geriatric\user17_user17_adl16.npy,1387,4
ger_user17_user17_adl2,geriatric,17,0,,C:\Users\H\Desktop\算法模型\data\features\physio\geriatric\user17_user17_adl2.npy,1686,4
ger_user17_user17_adl3,geriatric,17,0,,C:\Users\H\Desktop\算法模型\data\features\physio\geriatric\user17_user17_adl3.npy,6442,4
ger_user17_user17_adl4,geriatric,17,0,,C:\Users\H\Desktop\算法模型\data\features\physio\geriatric\user17_user17_adl4.npy,2825,4
ger_user17_user17_adl5,geriatric,17,0,,C:\Users\H\Desktop\算法模型\data\features\physio\geriatric\user17_user17_adl5.npy,728,4
ger_user17_user17_adl6,geriatric,17,0,,C:\Users\H\Desktop\算法模型\data\features\physio\geriatric\user17_user17_adl6.npy,1585,4
ger_user17_user17_adl7,geriatric,17,0,,C:\Users\H\Desktop\算法模型\data\features\physio\geriatric\user17_user17_adl7.npy,840,4
ger_user17_user17_adl8,geriatric,17,0,,C:\Users\H\Desktop\算法模型\data\features\physio\geriatric\user17_user17_adl8.npy,1030,4
ger_user17_user17_adl9,geriatric,17,0,,C:\Users\H\Desktop\算法模型\data\features\physio\geriatric\user17_user17_adl9.npy,1192,4
ger_user18_user18_adl1,geriatric,18,0,,C:\Users\H\Desktop\算法模型\data\features\physio\geriatric\user18_user18_adl1.npy,1528,4
ger_user18_user18_adl10,geriatric,18,0,,C:\Users\H\Desktop\算法模型\data\features\physio\geriatric\user18_user18_adl10.npy,805,4
ger_user18_user18_adl11,geriatric,18,0,,C:\Users\H\Desktop\算法模型\data\features\physio\geriatric\user18_user18_adl11.npy,1564,4
ger_user18_user18_adl12,geriatric,18,0,,C:\Users\H\Desktop\算法模型\data\features\physio\geriatric\user18_user18_adl12.npy,1271,4
ger_user18_user18_adl13,geriatric,18,0,,C:\Users\H\Desktop\算法模型\data\features\physio\geriatric\user18_user18_adl13.npy,920,4
ger_user18_user18_adl14,geriatric,18,0,,C:\Users\H\Desktop\算法模型\data\features\physio\geriatric\user18_user18_adl14.npy,2260,4
ger_user18_user18_adl15,geriatric,18,0,,C:\Users\H\Desktop\算法模型\data\features\physio\geriatric\user18_user18_adl15.npy,2120,4
ger_user18_user18_adl16,geriatric,18,0,,C:\Users\H\Desktop\算法模型\data\features\physio\geriatric\user18_user18_adl16.npy,2275,4
ger_user18_user18_adl2,geriatric,18,0,,C:\Users\H\Desktop\算法模型\data\features\physio\geriatric\user18_user18_adl2.npy,1814,4
ger_user18_user18_adl3,geriatric,18,0,,C:\Users\H\Desktop\算法模型\data\features\physio\geriatric\user18_user18_adl3.npy,2210,4
ger_user18_user18_adl4,geriatric,18,0,,C:\Users\H\Desktop\算法模型\data\features\physio\geriatric\user18_user18_adl4.npy,624,4
ger_user18_user18_adl5,geriatric,18,0,,C:\Users\H\Desktop\算法模型\data\features\physio\geriatric\user18_user18_adl5.npy,2973,4
ger_user18_user18_adl6,geriatric,18,0,,C:\Users\H\Desktop\算法模型\data\features\physio\geriatric\user18_user18_adl6.npy,1281,4
ger_user18_user18_adl7,geriatric,18,0,,C:\Users\H\Desktop\算法模型\data\features\physio\geriatric\user18_user18_adl7.npy,2245,4
ger_user18_user18_adl8,geriatric,18,0,,C:\Users\H\Desktop\算法模型\data\features\physio\geriatric\user18_user18_adl8.npy,2439,4
ger_user18_user18_adl9,geriatric,18,0,,C:\Users\H\Desktop\算法模型\data\features\physio\geriatric\user18_user18_adl9.npy,1133,4
ger_user19_user19_adl1,geriatric,19,0,,C:\Users\H\Desktop\算法模型\data\features\physio\geriatric\user19_user19_adl1.npy,1560,4
ger_user19_user19_adl10,geriatric,19,0,,C:\Users\H\Desktop\算法模型\data\features\physio\geriatric\user19_user19_adl10.npy,1979,4
ger_user19_user19_adl11,geriatric,19,0,,C:\Users\H\Desktop\算法模型\data\features\physio\geriatric\user19_user19_adl11.npy,722,4
ger_user19_user19_adl12,geriatric,19,0,,C:\Users\H\Desktop\算法模型\data\features\physio\geriatric\user19_user19_adl12.npy,15902,4
ger_user19_user19_adl13,geriatric,19,0,,C:\Users\H\Desktop\算法模型\data\features\physio\geriatric\user19_user19_adl13.npy,765,4
ger_user19_user19_adl14,geriatric,19,0,,C:\Users\H\Desktop\算法模型\data\features\physio\geriatric\user19_user19_adl14.npy,1004,4
ger_user19_user19_adl15,geriatric,19,0,,C:\Users\H\Desktop\算法模型\data\features\physio\geriatric\user19_user19_adl15.npy,965,4
ger_user19_user19_adl16,geriatric,19,0,,C:\Users\H\Desktop\算法模型\data\features\physio\geriatric\user19_user19_adl16.npy,2276,4
ger_user19_user19_adl2,geriatric,19,0,,C:\Users\H\Desktop\算法模型\data\features\physio\geriatric\user19_user19_adl2.npy,1464,4
ger_user19_user19_adl3,geriatric,19,0,,C:\Users\H\Desktop\算法模型\data\features\physio\geriatric\user19_user19_adl3.npy,3546,4
ger_user19_user19_adl4,geriatric,19,0,,C:\Users\H\Desktop\算法模型\data\features\physio\geriatric\user19_user19_adl4.npy,1159,4
ger_user19_user19_adl5,geriatric,19,0,,C:\Users\H\Desktop\算法模型\data\features\physio\geriatric\user19_user19_adl5.npy,736,4
ger_user19_user19_adl6,geriatric,19,0,,C:\Users\H\Desktop\算法模型\data\features\physio\geriatric\user19_user19_adl6.npy,1259,4
ger_user19_user19_adl7,geriatric,19,0,,C:\Users\H\Desktop\算法模型\data\features\physio\geriatric\user19_user19_adl7.npy,782,4
ger_user19_user19_adl8,geriatric,19,0,,C:\Users\H\Desktop\算法模型\data\features\physio\geriatric\user19_user19_adl8.npy,959,4
ger_user19_user19_adl9,geriatric,19,0,,C:\Users\H\Desktop\算法模型\data\features\physio\geriatric\user19_user19_adl9.npy,2287,4
ger_user2_user2_adl1,geriatric,2,0,,C:\Users\H\Desktop\算法模型\data\features\physio\geriatric\user2_user2_adl1.npy,1183,4
ger_user2_user2_adl10,geriatric,2,0,,C:\Users\H\Desktop\算法模型\data\features\physio\geriatric\user2_user2_adl10.npy,1400,4
ger_user2_user2_adl11,geriatric,2,0,,C:\Users\H\Desktop\算法模型\data\features\physio\geriatric\user2_user2_adl11.npy,2175,4
ger_user2_user2_adl12,geriatric,2,0,,C:\Users\H\Desktop\算法模型\data\features\physio\geriatric\user2_user2_adl12.npy,1345,4
ger_user2_user2_adl13,geriatric,2,0,,C:\Users\H\Desktop\算法模型\data\features\physio\geriatric\user2_user2_adl13.npy,1544,4
ger_user2_user2_adl14,geriatric,2,0,,C:\Users\H\Desktop\算法模型\data\features\physio\geriatric\user2_user2_adl14.npy,1709,4
ger_user2_user2_adl15,geriatric,2,0,,C:\Users\H\Desktop\算法模型\data\features\physio\geriatric\user2_user2_adl15.npy,1435,4
ger_user2_user2_adl16,geriatric,2,0,,C:\Users\H\Desktop\算法模型\data\features\physio\geriatric\user2_user2_adl16.npy,3958,4
ger_user2_user2_adl2,geriatric,2,0,,C:\Users\H\Desktop\算法模型\data\features\physio\geriatric\user2_user2_adl2.npy,1443,4
ger_user2_user2_adl3,geriatric,2,0,,C:\Users\H\Desktop\算法模型\data\features\physio\geriatric\user2_user2_adl3.npy,1610,4
ger_user2_user2_adl4,geriatric,2,0,,C:\Users\H\Desktop\算法模型\data\features\physio\geriatric\user2_user2_adl4.npy,1061,4
ger_user2_user2_adl5,geriatric,2,0,,C:\Users\H\Desktop\算法模型\data\features\physio\geriatric\user2_user2_adl5.npy,2254,4
ger_user2_user2_adl6,geriatric,2,0,,C:\Users\H\Desktop\算法模型\data\features\physio\geriatric\user2_user2_adl6.npy,981,4
ger_user2_user2_adl7,geriatric,2,0,,C:\Users\H\Desktop\算法模型\data\features\physio\geriatric\user2_user2_adl7.npy,2403,4
ger_user2_user2_adl8,geriatric,2,0,,C:\Users\H\Desktop\算法模型\data\features\physio\geriatric\user2_user2_adl8.npy,1971,4
ger_user2_user2_adl9,geriatric,2,0,,C:\Users\H\Desktop\算法模型\data\features\physio\geriatric\user2_user2_adl9.npy,966,4
ger_user20_user20_adl1,geriatric,20,0,,C:\Users\H\Desktop\算法模型\data\features\physio\geriatric\user20_user20_adl1.npy,1764,4
ger_user20_user20_adl10,geriatric,20,0,,C:\Users\H\Desktop\算法模型\data\features\physio\geriatric\user20_user20_adl10.npy,530,4
ger_user20_user20_adl11,geriatric,20,0,,C:\Users\H\Desktop\算法模型\data\features\physio\geriatric\user20_user20_adl11.npy,1003,4
ger_user20_user20_adl12,geriatric,20,0,,C:\Users\H\Desktop\算法模型\data\features\physio\geriatric\user20_user20_adl12.npy,1516,4
ger_user20_user20_adl13,geriatric,20,0,,C:\Users\H\Desktop\算法模型\data\features\physio\geriatric\user20_user20_adl13.npy,957,4
ger_user20_user20_adl14,geriatric,20,0,,C:\Users\H\Desktop\算法模型\data\features\physio\geriatric\user20_user20_adl14.npy,708,4
ger_user20_user20_adl15,geriatric,20,0,,C:\Users\H\Desktop\算法模型\data\features\physio\geriatric\user20_user20_adl15.npy,1209,4
ger_user20_user20_adl16,geriatric,20,0,,C:\Users\H\Desktop\算法模型\data\features\physio\geriatric\user20_user20_adl16.npy,2280,4
ger_user20_user20_adl2,geriatric,20,0,,C:\Users\H\Desktop\算法模型\data\features\physio\geriatric\user20_user20_adl2.npy,3346,4
ger_user20_user20_adl3,geriatric,20,0,,C:\Users\H\Desktop\算法模型\data\features\physio\geriatric\user20_user20_adl3.npy,1673,4
ger_user20_user20_adl4,geriatric,20,0,,C:\Users\H\Desktop\算法模型\data\features\physio\geriatric\user20_user20_adl4.npy,3790,4
ger_user20_user20_adl5,geriatric,20,0,,C:\Users\H\Desktop\算法模型\data\features\physio\geriatric\user20_user20_adl5.npy,996,4
ger_user20_user20_adl6,geriatric,20,0,,C:\Users\H\Desktop\算法模型\data\features\physio\geriatric\user20_user20_adl6.npy,2524,4
ger_user20_user20_adl7,geriatric,20,0,,C:\Users\H\Desktop\算法模型\data\features\physio\geriatric\user20_user20_adl7.npy,1082,4
ger_user20_user20_adl8,geriatric,20,0,,C:\Users\H\Desktop\算法模型\data\features\physio\geriatric\user20_user20_adl8.npy,3422,4
ger_user20_user20_adl9,geriatric,20,0,,C:\Users\H\Desktop\算法模型\data\features\physio\geriatric\user20_user20_adl9.npy,921,4
ger_user21_user21_adl1,geriatric,21,0,,C:\Users\H\Desktop\算法模型\data\features\physio\geriatric\user21_user21_adl1.npy,3319,4
ger_user21_user21_adl10,geriatric,21,0,,C:\Users\H\Desktop\算法模型\data\features\physio\geriatric\user21_user21_adl10.npy,2267,4
ger_user21_user21_adl11,geriatric,21,0,,C:\Users\H\Desktop\算法模型\data\features\physio\geriatric\user21_user21_adl11.npy,1904,4
ger_user21_user21_adl12,geriatric,21,0,,C:\Users\H\Desktop\算法模型\data\features\physio\geriatric\user21_user21_adl12.npy,3812,4
ger_user21_user21_adl13,geriatric,21,0,,C:\Users\H\Desktop\算法模型\data\features\physio\geriatric\user21_user21_adl13.npy,3650,4
ger_user21_user21_adl14,geriatric,21,0,,C:\Users\H\Desktop\算法模型\data\features\physio\geriatric\user21_user21_adl14.npy,940,4
ger_user21_user21_adl15,geriatric,21,0,,C:\Users\H\Desktop\算法模型\data\features\physio\geriatric\user21_user21_adl15.npy,1180,4
ger_user21_user21_adl16,geriatric,21,0,,C:\Users\H\Desktop\算法模型\data\features\physio\geriatric\user21_user21_adl16.npy,948,4
ger_user21_user21_adl2,geriatric,21,0,,C:\Users\H\Desktop\算法模型\data\features\physio\geriatric\user21_user21_adl2.npy,3187,4
ger_user21_user21_adl3,geriatric,21,0,,C:\Users\H\Desktop\算法模型\data\features\physio\geriatric\user21_user21_adl3.npy,3210,4
ger_user21_user21_adl4,geriatric,21,0,,C:\Users\H\Desktop\算法模型\data\features\physio\geriatric\user21_user21_adl4.npy,1419,4
ger_user21_user21_adl5,geriatric,21,0,,C:\Users\H\Desktop\算法模型\data\features\physio\geriatric\user21_user21_adl5.npy,1207,4
ger_user21_user21_adl6,geriatric,21,0,,C:\Users\H\Desktop\算法模型\data\features\physio\geriatric\user21_user21_adl6.npy,1014,4
ger_user21_user21_adl7,geriatric,21,0,,C:\Users\H\Desktop\算法模型\data\features\physio\geriatric\user21_user21_adl7.npy,2969,4
ger_user21_user21_adl8,geriatric,21,0,,C:\Users\H\Desktop\算法模型\data\features\physio\geriatric\user21_user21_adl8.npy,3270,4
ger_user21_user21_adl9,geriatric,21,0,,C:\Users\H\Desktop\算法模型\data\features\physio\geriatric\user21_user21_adl9.npy,731,4
ger_user22_user22_adl1,geriatric,22,0,,C:\Users\H\Desktop\算法模型\data\features\physio\geriatric\user22_user22_adl1.npy,792,4
ger_user22_user22_adl10,geriatric,22,0,,C:\Users\H\Desktop\算法模型\data\features\physio\geriatric\user22_user22_adl10.npy,1816,4
ger_user22_user22_adl11,geriatric,22,0,,C:\Users\H\Desktop\算法模型\data\features\physio\geriatric\user22_user22_adl11.npy,966,4
ger_user22_user22_adl12,geriatric,22,0,,C:\Users\H\Desktop\算法模型\data\features\physio\geriatric\user22_user22_adl12.npy,2732,4
ger_user22_user22_adl13,geriatric,22,0,,C:\Users\H\Desktop\算法模型\data\features\physio\geriatric\user22_user22_adl13.npy,1575,4
ger_user22_user22_adl14,geriatric,22,0,,C:\Users\H\Desktop\算法模型\data\features\physio\geriatric\user22_user22_adl14.npy,1609,4
ger_user22_user22_adl15,geriatric,22,0,,C:\Users\H\Desktop\算法模型\data\features\physio\geriatric\user22_user22_adl15.npy,2274,4
ger_user22_user22_adl16,geriatric,22,0,,C:\Users\H\Desktop\算法模型\data\features\physio\geriatric\user22_user22_adl16.npy,781,4
ger_user22_user22_adl2,geriatric,22,0,,C:\Users\H\Desktop\算法模型\data\features\physio\geriatric\user22_user22_adl2.npy,1082,4
ger_user22_user22_adl3,geriatric,22,0,,C:\Users\H\Desktop\算法模型\data\features\physio\geriatric\user22_user22_adl3.npy,8138,4
ger_user22_user22_adl4,geriatric,22,0,,C:\Users\H\Desktop\算法模型\data\features\physio\geriatric\user22_user22_adl4.npy,3911,4
ger_user22_user22_adl5,geriatric,22,0,,C:\Users\H\Desktop\算法模型\data\features\physio\geriatric\user22_user22_adl5.npy,2749,4
ger_user22_user22_adl6,geriatric,22,0,,C:\Users\H\Desktop\算法模型\data\features\physio\geriatric\user22_user22_adl6.npy,2675,4
ger_user22_user22_adl7,geriatric,22,0,,C:\Users\H\Desktop\算法模型\data\features\physio\geriatric\user22_user22_adl7.npy,3603,4
ger_user22_user22_adl8,geriatric,22,0,,C:\Users\H\Desktop\算法模型\data\features\physio\geriatric\user22_user22_adl8.npy,959,4
ger_user22_user22_adl9,geriatric,22,0,,C:\Users\H\Desktop\算法模型\data\features\physio\geriatric\user22_user22_adl9.npy,1079,4
ger_user23_user23_adl1,geriatric,23,0,,C:\Users\H\Desktop\算法模型\data\features\physio\geriatric\user23_user23_adl1.npy,1571,4
ger_user23_user23_adl10,geriatric,23,0,,C:\Users\H\Desktop\算法模型\data\features\physio\geriatric\user23_user23_adl10.npy,893,4
ger_user23_user23_adl11,geriatric,23,0,,C:\Users\H\Desktop\算法模型\data\features\physio\geriatric\user23_user23_adl11.npy,1095,4
ger_user23_user23_adl12,geriatric,23,0,,C:\Users\H\Desktop\算法模型\data\features\physio\geriatric\user23_user23_adl12.npy,1115,4
ger_user23_user23_adl13,geriatric,23,0,,C:\Users\H\Desktop\算法模型\data\features\physio\geriatric\user23_user23_adl13.npy,3320,4
ger_user23_user23_adl14,geriatric,23,0,,C:\Users\H\Desktop\算法模型\data\features\physio\geriatric\user23_user23_adl14.npy,774,4
ger_user23_user23_adl15,geriatric,23,0,,C:\Users\H\Desktop\算法模型\data\features\physio\geriatric\user23_user23_adl15.npy,1326,4
ger_user23_user23_adl16,geriatric,23,0,,C:\Users\H\Desktop\算法模型\data\features\physio\geriatric\user23_user23_adl16.npy,2284,4
ger_user23_user23_adl2,geriatric,23,0,,C:\Users\H\Desktop\算法模型\data\features\physio\geriatric\user23_user23_adl2.npy,912,4
ger_user23_user23_adl3,geriatric,23,0,,C:\Users\H\Desktop\算法模型\data\features\physio\geriatric\user23_user23_adl3.npy,3456,4
ger_user23_user23_adl4,geriatric,23,0,,C:\Users\H\Desktop\算法模型\data\features\physio\geriatric\user23_user23_adl4.npy,2090,4
ger_user23_user23_adl5,geriatric,23,0,,C:\Users\H\Desktop\算法模型\data\features\physio\geriatric\user23_user23_adl5.npy,1207,4
ger_user23_user23_adl6,geriatric,23,0,,C:\Users\H\Desktop\算法模型\data\features\physio\geriatric\user23_user23_adl6.npy,680,4
ger_user23_user23_adl7,geriatric,23,0,,C:\Users\H\Desktop\算法模型\data\features\physio\geriatric\user23_user23_adl7.npy,1378,4
ger_user23_user23_adl8,geriatric,23,0,,C:\Users\H\Desktop\算法模型\data\features\physio\geriatric\user23_user23_adl8.npy,708,4
ger_user23_user23_adl9,geriatric,23,0,,C:\Users\H\Desktop\算法模型\data\features\physio\geriatric\user23_user23_adl9.npy,673,4
ger_user24_user24_adl1,geriatric,24,0,,C:\Users\H\Desktop\算法模型\data\features\physio\geriatric\user24_user24_adl1.npy,1005,4
ger_user24_user24_adl10,geriatric,24,0,,C:\Users\H\Desktop\算法模型\data\features\physio\geriatric\user24_user24_adl10.npy,786,4
ger_user24_user24_adl11,geriatric,24,0,,C:\Users\H\Desktop\算法模型\data\features\physio\geriatric\user24_user24_adl11.npy,1372,4
ger_user24_user24_adl12,geriatric,24,0,,C:\Users\H\Desktop\算法模型\data\features\physio\geriatric\user24_user24_adl12.npy,3307,4
ger_user24_user24_adl13,geriatric,24,0,,C:\Users\H\Desktop\算法模型\data\features\physio\geriatric\user24_user24_adl13.npy,932,4
ger_user24_user24_adl14,geriatric,24,0,,C:\Users\H\Desktop\算法模型\data\features\physio\geriatric\user24_user24_adl14.npy,1473,4
ger_user24_user24_adl15,geriatric,24,0,,C:\Users\H\Desktop\算法模型\data\features\physio\geriatric\user24_user24_adl15.npy,775,4
ger_user24_user24_adl16,geriatric,24,0,,C:\Users\H\Desktop\算法模型\data\features\physio\geriatric\user24_user24_adl16.npy,781,4
ger_user24_user24_adl2,geriatric,24,0,,C:\Users\H\Desktop\算法模型\data\features\physio\geriatric\user24_user24_adl2.npy,2776,4
ger_user24_user24_adl3,geriatric,24,0,,C:\Users\H\Desktop\算法模型\data\features\physio\geriatric\user24_user24_adl3.npy,3420,4
ger_user24_user24_adl4,geriatric,24,0,,C:\Users\H\Desktop\算法模型\data\features\physio\geriatric\user24_user24_adl4.npy,937,4
ger_user24_user24_adl5,geriatric,24,0,,C:\Users\H\Desktop\算法模型\data\features\physio\geriatric\user24_user24_adl5.npy,870,4
ger_user24_user24_adl6,geriatric,24,0,,C:\Users\H\Desktop\算法模型\data\features\physio\geriatric\user24_user24_adl6.npy,3713,4
ger_user24_user24_adl7,geriatric,24,0,,C:\Users\H\Desktop\算法模型\data\features\physio\geriatric\user24_user24_adl7.npy,1139,4
ger_user24_user24_adl8,geriatric,24,0,,C:\Users\H\Desktop\算法模型\data\features\physio\geriatric\user24_user24_adl8.npy,1024,4
ger_user24_user24_adl9,geriatric,24,0,,C:\Users\H\Desktop\算法模型\data\features\physio\geriatric\user24_user24_adl9.npy,1369,4
ger_user25_user25_adl1,geriatric,25,0,,C:\Users\H\Desktop\算法模型\data\features\physio\geriatric\user25_user25_adl1.npy,818,4
ger_user25_user25_adl10,geriatric,25,0,,C:\Users\H\Desktop\算法模型\data\features\physio\geriatric\user25_user25_adl10.npy,1167,4
ger_user25_user25_adl11,geriatric,25,0,,C:\Users\H\Desktop\算法模型\data\features\physio\geriatric\user25_user25_adl11.npy,2270,4
ger_user25_user25_adl12,geriatric,25,0,,C:\Users\H\Desktop\算法模型\data\features\physio\geriatric\user25_user25_adl12.npy,2157,4
ger_user25_user25_adl13,geriatric,25,0,,C:\Users\H\Desktop\算法模型\data\features\physio\geriatric\user25_user25_adl13.npy,3395,4
ger_user25_user25_adl14,geriatric,25,0,,C:\Users\H\Desktop\算法模型\data\features\physio\geriatric\user25_user25_adl14.npy,2366,4
ger_user25_user25_adl15,geriatric,25,0,,C:\Users\H\Desktop\算法模型\data\features\physio\geriatric\user25_user25_adl15.npy,991,4
ger_user25_user25_adl16,geriatric,25,0,,C:\Users\H\Desktop\算法模型\data\features\physio\geriatric\user25_user25_adl16.npy,1948,4
ger_user25_user25_adl2,geriatric,25,0,,C:\Users\H\Desktop\算法模型\data\features\physio\geriatric\user25_user25_adl2.npy,1338,4
ger_user25_user25_adl3,geriatric,25,0,,C:\Users\H\Desktop\算法模型\data\features\physio\geriatric\user25_user25_adl3.npy,804,4
ger_user25_user25_adl4,geriatric,25,0,,C:\Users\H\Desktop\算法模型\data\features\physio\geriatric\user25_user25_adl4.npy,3506,4
ger_user25_user25_adl5,geriatric,25,0,,C:\Users\H\Desktop\算法模型\data\features\physio\geriatric\user25_user25_adl5.npy,2645,4
ger_user25_user25_adl6,geriatric,25,0,,C:\Users\H\Desktop\算法模型\data\features\physio\geriatric\user25_user25_adl6.npy,976,4
ger_user25_user25_adl7,geriatric,25,0,,C:\Users\H\Desktop\算法模型\data\features\physio\geriatric\user25_user25_adl7.npy,786,4
ger_user25_user25_adl8,geriatric,25,0,,C:\Users\H\Desktop\算法模型\data\features\physio\geriatric\user25_user25_adl8.npy,639,4
ger_user25_user25_adl9,geriatric,25,0,,C:\Users\H\Desktop\算法模型\data\features\physio\geriatric\user25_user25_adl9.npy,3119,4
ger_user26_user26_adl1,geriatric,26,0,,C:\Users\H\Desktop\算法模型\data\features\physio\geriatric\user26_user26_adl1.npy,1072,4
ger_user26_user26_adl10,geriatric,26,0,,C:\Users\H\Desktop\算法模型\data\features\physio\geriatric\user26_user26_adl10.npy,2126,4
ger_user26_user26_adl11,geriatric,26,0,,C:\Users\H\Desktop\算法模型\data\features\physio\geriatric\user26_user26_adl11.npy,602,4
ger_user26_user26_adl12,geriatric,26,0,,C:\Users\H\Desktop\算法模型\data\features\physio\geriatric\user26_user26_adl12.npy,960,4
ger_user26_user26_adl13,geriatric,26,0,,C:\Users\H\Desktop\算法模型\data\features\physio\geriatric\user26_user26_adl13.npy,2913,4
ger_user26_user26_adl14,geriatric,26,0,,C:\Users\H\Desktop\算法模型\data\features\physio\geriatric\user26_user26_adl14.npy,1188,4
ger_user26_user26_adl15,geriatric,26,0,,C:\Users\H\Desktop\算法模型\data\features\physio\geriatric\user26_user26_adl15.npy,1768,4
ger_user26_user26_adl16,geriatric,26,0,,C:\Users\H\Desktop\算法模型\data\features\physio\geriatric\user26_user26_adl16.npy,1012,4
ger_user26_user26_adl2,geriatric,26,0,,C:\Users\H\Desktop\算法模型\data\features\physio\geriatric\user26_user26_adl2.npy,905,4
ger_user26_user26_adl3,geriatric,26,0,,C:\Users\H\Desktop\算法模型\data\features\physio\geriatric\user26_user26_adl3.npy,3861,4
ger_user26_user26_adl4,geriatric,26,0,,C:\Users\H\Desktop\算法模型\data\features\physio\geriatric\user26_user26_adl4.npy,1927,4
ger_user26_user26_adl5,geriatric,26,0,,C:\Users\H\Desktop\算法模型\data\features\physio\geriatric\user26_user26_adl5.npy,772,4
ger_user26_user26_adl6,geriatric,26,0,,C:\Users\H\Desktop\算法模型\data\features\physio\geriatric\user26_user26_adl6.npy,2352,4
ger_user26_user26_adl7,geriatric,26,0,,C:\Users\H\Desktop\算法模型\data\features\physio\geriatric\user26_user26_adl7.npy,869,4
ger_user26_user26_adl8,geriatric,26,0,,C:\Users\H\Desktop\算法模型\data\features\physio\geriatric\user26_user26_adl8.npy,1488,4
ger_user26_user26_adl9,geriatric,26,0,,C:\Users\H\Desktop\算法模型\data\features\physio\geriatric\user26_user26_adl9.npy,2816,4
ger_user27_user27_adl1,geriatric,27,0,,C:\Users\H\Desktop\算法模型\data\features\physio\geriatric\user27_user27_adl1.npy,3521,4
ger_user27_user27_adl10,geriatric,27,0,,C:\Users\H\Desktop\算法模型\data\features\physio\geriatric\user27_user27_adl10.npy,756,4
ger_user27_user27_adl11,geriatric,27,0,,C:\Users\H\Desktop\算法模型\data\features\physio\geriatric\user27_user27_adl11.npy,2630,4
ger_user27_user27_adl12,geriatric,27,0,,C:\Users\H\Desktop\算法模型\data\features\physio\geriatric\user27_user27_adl12.npy,1891,4
ger_user27_user27_adl13,geriatric,27,0,,C:\Users\H\Desktop\算法模型\data\features\physio\geriatric\user27_user27_adl13.npy,4864,4
ger_user27_user27_adl14,geriatric,27,0,,C:\Users\H\Desktop\算法模型\data\features\physio\geriatric\user27_user27_adl14.npy,2372,4
ger_user27_user27_adl15,geriatric,27,0,,C:\Users\H\Desktop\算法模型\data\features\physio\geriatric\user27_user27_adl15.npy,1098,4
ger_user27_user27_adl16,geriatric,27,0,,C:\Users\H\Desktop\算法模型\data\features\physio\geriatric\user27_user27_adl16.npy,703,4
ger_user27_user27_adl2,geriatric,27,0,,C:\Users\H\Desktop\算法模型\data\features\physio\geriatric\user27_user27_adl2.npy,2259,4
ger_user27_user27_adl3,geriatric,27,0,,C:\Users\H\Desktop\算法模型\data\features\physio\geriatric\user27_user27_adl3.npy,1350,4
ger_user27_user27_adl4,geriatric,27,0,,C:\Users\H\Desktop\算法模型\data\features\physio\geriatric\user27_user27_adl4.npy,7167,4
ger_user27_user27_adl5,geriatric,27,0,,C:\Users\H\Desktop\算法模型\data\features\physio\geriatric\user27_user27_adl5.npy,3329,4
ger_user27_user27_adl6,geriatric,27,0,,C:\Users\H\Desktop\算法模型\data\features\physio\geriatric\user27_user27_adl6.npy,4194,4
ger_user27_user27_adl7,geriatric,27,0,,C:\Users\H\Desktop\算法模型\data\features\physio\geriatric\user27_user27_adl7.npy,3123,4
ger_user27_user27_adl8,geriatric,27,0,,C:\Users\H\Desktop\算法模型\data\features\physio\geriatric\user27_user27_adl8.npy,3249,4
ger_user27_user27_adl9,geriatric,27,0,,C:\Users\H\Desktop\算法模型\data\features\physio\geriatric\user27_user27_adl9.npy,1142,4
ger_user28_user28_adl1,geriatric,28,0,,C:\Users\H\Desktop\算法模型\data\features\physio\geriatric\user28_user28_adl1.npy,2420,4
ger_user28_user28_adl10,geriatric,28,0,,C:\Users\H\Desktop\算法模型\data\features\physio\geriatric\user28_user28_adl10.npy,610,4
ger_user28_user28_adl11,geriatric,28,0,,C:\Users\H\Desktop\算法模型\data\features\physio\geriatric\user28_user28_adl11.npy,2284,4
ger_user28_user28_adl12,geriatric,28,0,,C:\Users\H\Desktop\算法模型\data\features\physio\geriatric\user28_user28_adl12.npy,2717,4
ger_user28_user28_adl13,geriatric,28,0,,C:\Users\H\Desktop\算法模型\data\features\physio\geriatric\user28_user28_adl13.npy,743,4
ger_user28_user28_adl14,geriatric,28,0,,C:\Users\H\Desktop\算法模型\data\features\physio\geriatric\user28_user28_adl14.npy,1096,4
ger_user28_user28_adl15,geriatric,28,0,,C:\Users\H\Desktop\算法模型\data\features\physio\geriatric\user28_user28_adl15.npy,1354,4
ger_user28_user28_adl16,geriatric,28,0,,C:\Users\H\Desktop\算法模型\data\features\physio\geriatric\user28_user28_adl16.npy,702,4
ger_user28_user28_adl2,geriatric,28,0,,C:\Users\H\Desktop\算法模型\data\features\physio\geriatric\user28_user28_adl2.npy,1405,4
ger_user28_user28_adl3,geriatric,28,0,,C:\Users\H\Desktop\算法模型\data\features\physio\geriatric\user28_user28_adl3.npy,4514,4
ger_user28_user28_adl4,geriatric,28,0,,C:\Users\H\Desktop\算法模型\data\features\physio\geriatric\user28_user28_adl4.npy,1371,4
ger_user28_user28_adl5,geriatric,28,0,,C:\Users\H\Desktop\算法模型\data\features\physio\geriatric\user28_user28_adl5.npy,8175,4
ger_user28_user28_adl6,geriatric,28,0,,C:\Users\H\Desktop\算法模型\data\features\physio\geriatric\user28_user28_adl6.npy,2908,4
ger_user28_user28_adl7,geriatric,28,0,,C:\Users\H\Desktop\算法模型\data\features\physio\geriatric\user28_user28_adl7.npy,1691,4
ger_user28_user28_adl8,geriatric,28,0,,C:\Users\H\Desktop\算法模型\data\features\physio\geriatric\user28_user28_adl8.npy,1673,4
ger_user28_user28_adl9,geriatric,28,0,,C:\Users\H\Desktop\算法模型\data\features\physio\geriatric\user28_user28_adl9.npy,1490,4
ger_user29_user29_adl1,geriatric,29,0,,C:\Users\H\Desktop\算法模型\data\features\physio\geriatric\user29_user29_adl1.npy,1342,4
ger_user29_user29_adl10,geriatric,29,0,,C:\Users\H\Desktop\算法模型\data\features\physio\geriatric\user29_user29_adl10.npy,2180,4
ger_user29_user29_adl11,geriatric,29,0,,C:\Users\H\Desktop\算法模型\data\features\physio\geriatric\user29_user29_adl11.npy,1185,4
ger_user29_user29_adl12,geriatric,29,0,,C:\Users\H\Desktop\算法模型\data\features\physio\geriatric\user29_user29_adl12.npy,2429,4
ger_user29_user29_adl13,geriatric,29,0,,C:\Users\H\Desktop\算法模型\data\features\physio\geriatric\user29_user29_adl13.npy,1210,4
ger_user29_user29_adl14,geriatric,29,0,,C:\Users\H\Desktop\算法模型\data\features\physio\geriatric\user29_user29_adl14.npy,894,4
ger_user29_user29_adl15,geriatric,29,0,,C:\Users\H\Desktop\算法模型\data\features\physio\geriatric\user29_user29_adl15.npy,1361,4
ger_user29_user29_adl16,geriatric,29,0,,C:\Users\H\Desktop\算法模型\data\features\physio\geriatric\user29_user29_adl16.npy,2255,4
ger_user29_user29_adl2,geriatric,29,0,,C:\Users\H\Desktop\算法模型\data\features\physio\geriatric\user29_user29_adl2.npy,3310,4
ger_user29_user29_adl3,geriatric,29,0,,C:\Users\H\Desktop\算法模型\data\features\physio\geriatric\user29_user29_adl3.npy,5388,4
ger_user29_user29_adl4,geriatric,29,0,,C:\Users\H\Desktop\算法模型\data\features\physio\geriatric\user29_user29_adl4.npy,4523,4
ger_user29_user29_adl5,geriatric,29,0,,C:\Users\H\Desktop\算法模型\data\features\physio\geriatric\user29_user29_adl5.npy,745,4
ger_user29_user29_adl6,geriatric,29,0,,C:\Users\H\Desktop\算法模型\data\features\physio\geriatric\user29_user29_adl6.npy,3258,4
ger_user29_user29_adl7,geriatric,29,0,,C:\Users\H\Desktop\算法模型\data\features\physio\geriatric\user29_user29_adl7.npy,3227,4
ger_user29_user29_adl8,geriatric,29,0,,C:\Users\H\Desktop\算法模型\data\features\physio\geriatric\user29_user29_adl8.npy,1276,4
ger_user29_user29_adl9,geriatric,29,0,,C:\Users\H\Desktop\算法模型\data\features\physio\geriatric\user29_user29_adl9.npy,2275,4
ger_user3_user3_adl1,geriatric,3,0,,C:\Users\H\Desktop\算法模型\data\features\physio\geriatric\user3_user3_adl1.npy,1140,4
ger_user3_user3_adl10,geriatric,3,0,,C:\Users\H\Desktop\算法模型\data\features\physio\geriatric\user3_user3_adl10.npy,2306,4
ger_user3_user3_adl11,geriatric,3,0,,C:\Users\H\Desktop\算法模型\data\features\physio\geriatric\user3_user3_adl11.npy,558,4
ger_user3_user3_adl12,geriatric,3,0,,C:\Users\H\Desktop\算法模型\data\features\physio\geriatric\user3_user3_adl12.npy,3591,4
ger_user3_user3_adl13,geriatric,3,0,,C:\Users\H\Desktop\算法模型\data\features\physio\geriatric\user3_user3_adl13.npy,595,4
ger_user3_user3_adl14,geriatric,3,0,,C:\Users\H\Desktop\算法模型\data\features\physio\geriatric\user3_user3_adl14.npy,716,4
ger_user3_user3_adl15,geriatric,3,0,,C:\Users\H\Desktop\算法模型\data\features\physio\geriatric\user3_user3_adl15.npy,1360,4
ger_user3_user3_adl16,geriatric,3,0,,C:\Users\H\Desktop\算法模型\data\features\physio\geriatric\user3_user3_adl16.npy,1433,4
ger_user3_user3_adl2,geriatric,3,0,,C:\Users\H\Desktop\算法模型\data\features\physio\geriatric\user3_user3_adl2.npy,3670,4
ger_user3_user3_adl3,geriatric,3,0,,C:\Users\H\Desktop\算法模型\data\features\physio\geriatric\user3_user3_adl3.npy,1400,4
ger_user3_user3_adl4,geriatric,3,0,,C:\Users\H\Desktop\算法模型\data\features\physio\geriatric\user3_user3_adl4.npy,1859,4
ger_user3_user3_adl5,geriatric,3,0,,C:\Users\H\Desktop\算法模型\data\features\physio\geriatric\user3_user3_adl5.npy,554,4
ger_user3_user3_adl6,geriatric,3,0,,C:\Users\H\Desktop\算法模型\data\features\physio\geriatric\user3_user3_adl6.npy,2437,4
ger_user3_user3_adl7,geriatric,3,0,,C:\Users\H\Desktop\算法模型\data\features\physio\geriatric\user3_user3_adl7.npy,955,4
ger_user3_user3_adl8,geriatric,3,0,,C:\Users\H\Desktop\算法模型\data\features\physio\geriatric\user3_user3_adl8.npy,1529,4
ger_user3_user3_adl9,geriatric,3,0,,C:\Users\H\Desktop\算法模型\data\features\physio\geriatric\user3_user3_adl9.npy,730,4
ger_user30_user30_adl1,geriatric,30,0,,C:\Users\H\Desktop\算法模型\data\features\physio\geriatric\user30_user30_adl1.npy,1453,4
ger_user30_user30_adl10,geriatric,30,0,,C:\Users\H\Desktop\算法模型\data\features\physio\geriatric\user30_user30_adl10.npy,1401,4
ger_user30_user30_adl11,geriatric,30,0,,C:\Users\H\Desktop\算法模型\data\features\physio\geriatric\user30_user30_adl11.npy,1365,4
ger_user30_user30_adl12,geriatric,30,0,,C:\Users\H\Desktop\算法模型\data\features\physio\geriatric\user30_user30_adl12.npy,1175,4
ger_user30_user30_adl13,geriatric,30,0,,C:\Users\H\Desktop\算法模型\data\features\physio\geriatric\user30_user30_adl13.npy,638,4
ger_user30_user30_adl14,geriatric,30,0,,C:\Users\H\Desktop\算法模型\data\features\physio\geriatric\user30_user30_adl14.npy,2188,4
ger_user30_user30_adl15,geriatric,30,0,,C:\Users\H\Desktop\算法模型\data\features\physio\geriatric\user30_user30_adl15.npy,2187,4
ger_user30_user30_adl16,geriatric,30,0,,C:\Users\H\Desktop\算法模型\data\features\physio\geriatric\user30_user30_adl16.npy,2065,4
ger_user30_user30_adl2,geriatric,30,0,,C:\Users\H\Desktop\算法模型\data\features\physio\geriatric\user30_user30_adl2.npy,1168,4
ger_user30_user30_adl3,geriatric,30,0,,C:\Users\H\Desktop\算法模型\data\features\physio\geriatric\user30_user30_adl3.npy,1082,4
ger_user30_user30_adl4,geriatric,30,0,,C:\Users\H\Desktop\算法模型\data\features\physio\geriatric\user30_user30_adl4.npy,4792,4
ger_user30_user30_adl5,geriatric,30,0,,C:\Users\H\Desktop\算法模型\data\features\physio\geriatric\user30_user30_adl5.npy,6587,4
ger_user30_user30_adl6,geriatric,30,0,,C:\Users\H\Desktop\算法模型\data\features\physio\geriatric\user30_user30_adl6.npy,732,4
ger_user30_user30_adl7,geriatric,30,0,,C:\Users\H\Desktop\算法模型\data\features\physio\geriatric\user30_user30_adl7.npy,5161,4
ger_user30_user30_adl8,geriatric,30,0,,C:\Users\H\Desktop\算法模型\data\features\physio\geriatric\user30_user30_adl8.npy,624,4
ger_user30_user30_adl9,geriatric,30,0,,C:\Users\H\Desktop\算法模型\data\features\physio\geriatric\user30_user30_adl9.npy,950,4
ger_user31_user31_adl1,geriatric,31,0,,C:\Users\H\Desktop\算法模型\data\features\physio\geriatric\user31_user31_adl1.npy,2951,4
ger_user31_user31_adl10,geriatric,31,0,,C:\Users\H\Desktop\算法模型\data\features\physio\geriatric\user31_user31_adl10.npy,1910,4
ger_user31_user31_adl11,geriatric,31,0,,C:\Users\H\Desktop\算法模型\data\features\physio\geriatric\user31_user31_adl11.npy,1340,4
ger_user31_user31_adl12,geriatric,31,0,,C:\Users\H\Desktop\算法模型\data\features\physio\geriatric\user31_user31_adl12.npy,1112,4
ger_user31_user31_adl13,geriatric,31,0,,C:\Users\H\Desktop\算法模型\data\features\physio\geriatric\user31_user31_adl13.npy,890,4
ger_user31_user31_adl14,geriatric,31,0,,C:\Users\H\Desktop\算法模型\data\features\physio\geriatric\user31_user31_adl14.npy,1304,4
ger_user31_user31_adl15,geriatric,31,0,,C:\Users\H\Desktop\算法模型\data\features\physio\geriatric\user31_user31_adl15.npy,1025,4
ger_user31_user31_adl16,geriatric,31,0,,C:\Users\H\Desktop\算法模型\data\features\physio\geriatric\user31_user31_adl16.npy,2297,4
ger_user31_user31_adl2,geriatric,31,0,,C:\Users\H\Desktop\算法模型\data\features\physio\geriatric\user31_user31_adl2.npy,1674,4
ger_user31_user31_adl3,geriatric,31,0,,C:\Users\H\Desktop\算法模型\data\features\physio\geriatric\user31_user31_adl3.npy,710,4
ger_user31_user31_adl4,geriatric,31,0,,C:\Users\H\Desktop\算法模型\data\features\physio\geriatric\user31_user31_adl4.npy,3142,4
ger_user31_user31_adl5,geriatric,31,0,,C:\Users\H\Desktop\算法模型\data\features\physio\geriatric\user31_user31_adl5.npy,3798,4
ger_user31_user31_adl6,geriatric,31,0,,C:\Users\H\Desktop\算法模型\data\features\physio\geriatric\user31_user31_adl6.npy,3295,4
ger_user31_user31_adl7,geriatric,31,0,,C:\Users\H\Desktop\算法模型\data\features\physio\geriatric\user31_user31_adl7.npy,4055,4
ger_user31_user31_adl8,geriatric,31,0,,C:\Users\H\Desktop\算法模型\data\features\physio\geriatric\user31_user31_adl8.npy,1160,4
ger_user31_user31_adl9,geriatric,31,0,,C:\Users\H\Desktop\算法模型\data\features\physio\geriatric\user31_user31_adl9.npy,2776,4
ger_user32_user32_adl1,geriatric,32,0,,C:\Users\H\Desktop\算法模型\data\features\physio\geriatric\user32_user32_adl1.npy,1739,4
ger_user32_user32_adl10,geriatric,32,0,,C:\Users\H\Desktop\算法模型\data\features\physio\geriatric\user32_user32_adl10.npy,710,4
ger_user32_user32_adl11,geriatric,32,0,,C:\Users\H\Desktop\算法模型\data\features\physio\geriatric\user32_user32_adl11.npy,1109,4
ger_user32_user32_adl12,geriatric,32,0,,C:\Users\H\Desktop\算法模型\data\features\physio\geriatric\user32_user32_adl12.npy,1924,4
ger_user32_user32_adl13,geriatric,32,0,,C:\Users\H\Desktop\算法模型\data\features\physio\geriatric\user32_user32_adl13.npy,1118,4
ger_user32_user32_adl14,geriatric,32,0,,C:\Users\H\Desktop\算法模型\data\features\physio\geriatric\user32_user32_adl14.npy,704,4
ger_user32_user32_adl15,geriatric,32,0,,C:\Users\H\Desktop\算法模型\data\features\physio\geriatric\user32_user32_adl15.npy,1282,4
ger_user32_user32_adl16,geriatric,32,0,,C:\Users\H\Desktop\算法模型\data\features\physio\geriatric\user32_user32_adl16.npy,972,4
ger_user32_user32_adl2,geriatric,32,0,,C:\Users\H\Desktop\算法模型\data\features\physio\geriatric\user32_user32_adl2.npy,2618,4
ger_user32_user32_adl3,geriatric,32,0,,C:\Users\H\Desktop\算法模型\data\features\physio\geriatric\user32_user32_adl3.npy,2360,4
ger_user32_user32_adl4,geriatric,32,0,,C:\Users\H\Desktop\算法模型\data\features\physio\geriatric\user32_user32_adl4.npy,5172,4
ger_user32_user32_adl5,geriatric,32,0,,C:\Users\H\Desktop\算法模型\data\features\physio\geriatric\user32_user32_adl5.npy,7165,4
ger_user32_user32_adl6,geriatric,32,0,,C:\Users\H\Desktop\算法模型\data\features\physio\geriatric\user32_user32_adl6.npy,869,4
ger_user32_user32_adl7,geriatric,32,0,,C:\Users\H\Desktop\算法模型\data\features\physio\geriatric\user32_user32_adl7.npy,952,4
ger_user32_user32_adl8,geriatric,32,0,,C:\Users\H\Desktop\算法模型\data\features\physio\geriatric\user32_user32_adl8.npy,1173,4
ger_user32_user32_adl9,geriatric,32,0,,C:\Users\H\Desktop\算法模型\data\features\physio\geriatric\user32_user32_adl9.npy,2662,4
ger_user33_user33_adl1,geriatric,33,0,,C:\Users\H\Desktop\算法模型\data\features\physio\geriatric\user33_user33_adl1.npy,975,4
ger_user33_user33_adl10,geriatric,33,0,,C:\Users\H\Desktop\算法模型\data\features\physio\geriatric\user33_user33_adl10.npy,2159,4
ger_user33_user33_adl11,geriatric,33,0,,C:\Users\H\Desktop\算法模型\data\features\physio\geriatric\user33_user33_adl11.npy,2138,4
ger_user33_user33_adl12,geriatric,33,0,,C:\Users\H\Desktop\算法模型\data\features\physio\geriatric\user33_user33_adl12.npy,3464,4
ger_user33_user33_adl13,geriatric,33,0,,C:\Users\H\Desktop\算法模型\data\features\physio\geriatric\user33_user33_adl13.npy,1082,4
ger_user33_user33_adl14,geriatric,33,0,,C:\Users\H\Desktop\算法模型\data\features\physio\geriatric\user33_user33_adl14.npy,1323,4
ger_user33_user33_adl15,geriatric,33,0,,C:\Users\H\Desktop\算法模型\data\features\physio\geriatric\user33_user33_adl15.npy,2277,4
ger_user33_user33_adl16,geriatric,33,0,,C:\Users\H\Desktop\算法模型\data\features\physio\geriatric\user33_user33_adl16.npy,1094,4
ger_user33_user33_adl2,geriatric,33,0,,C:\Users\H\Desktop\算法模型\data\features\physio\geriatric\user33_user33_adl2.npy,1205,4
ger_user33_user33_adl3,geriatric,33,0,,C:\Users\H\Desktop\算法模型\data\features\physio\geriatric\user33_user33_adl3.npy,3519,4
ger_user33_user33_adl4,geriatric,33,0,,C:\Users\H\Desktop\算法模型\data\features\physio\geriatric\user33_user33_adl4.npy,1303,4
ger_user33_user33_adl5,geriatric,33,0,,C:\Users\H\Desktop\算法模型\data\features\physio\geriatric\user33_user33_adl5.npy,2843,4
ger_user33_user33_adl6,geriatric,33,0,,C:\Users\H\Desktop\算法模型\data\features\physio\geriatric\user33_user33_adl6.npy,2904,4
ger_user33_user33_adl7,geriatric,33,0,,C:\Users\H\Desktop\算法模型\data\features\physio\geriatric\user33_user33_adl7.npy,3098,4
ger_user33_user33_adl8,geriatric,33,0,,C:\Users\H\Desktop\算法模型\data\features\physio\geriatric\user33_user33_adl8.npy,1257,4
ger_user33_user33_adl9,geriatric,33,0,,C:\Users\H\Desktop\算法模型\data\features\physio\geriatric\user33_user33_adl9.npy,1828,4
ger_user34_user34_adl1,geriatric,34,0,,C:\Users\H\Desktop\算法模型\data\features\physio\geriatric\user34_user34_adl1.npy,2770,4
ger_user34_user34_adl10,geriatric,34,0,,C:\Users\H\Desktop\算法模型\data\features\physio\geriatric\user34_user34_adl10.npy,2386,4
ger_user34_user34_adl11,geriatric,34,0,,C:\Users\H\Desktop\算法模型\data\features\physio\geriatric\user34_user34_adl11.npy,1652,4
ger_user34_user34_adl12,geriatric,34,0,,C:\Users\H\Desktop\算法模型\data\features\physio\geriatric\user34_user34_adl12.npy,1253,4
ger_user34_user34_adl13,geriatric,34,0,,C:\Users\H\Desktop\算法模型\data\features\physio\geriatric\user34_user34_adl13.npy,1559,4
ger_user34_user34_adl14,geriatric,34,0,,C:\Users\H\Desktop\算法模型\data\features\physio\geriatric\user34_user34_adl14.npy,2386,4
ger_user34_user34_adl15,geriatric,34,0,,C:\Users\H\Desktop\算法模型\data\features\physio\geriatric\user34_user34_adl15.npy,717,4
ger_user34_user34_adl16,geriatric,34,0,,C:\Users\H\Desktop\算法模型\data\features\physio\geriatric\user34_user34_adl16.npy,957,4
ger_user34_user34_adl2,geriatric,34,0,,C:\Users\H\Desktop\算法模型\data\features\physio\geriatric\user34_user34_adl2.npy,3308,4
ger_user34_user34_adl3,geriatric,34,0,,C:\Users\H\Desktop\算法模型\data\features\physio\geriatric\user34_user34_adl3.npy,5463,4
ger_user34_user34_adl4,geriatric,34,0,,C:\Users\H\Desktop\算法模型\data\features\physio\geriatric\user34_user34_adl4.npy,879,4
ger_user34_user34_adl5,geriatric,34,0,,C:\Users\H\Desktop\算法模型\data\features\physio\geriatric\user34_user34_adl5.npy,3179,4
ger_user34_user34_adl6,geriatric,34,0,,C:\Users\H\Desktop\算法模型\data\features\physio\geriatric\user34_user34_adl6.npy,4754,4
ger_user34_user34_adl7,geriatric,34,0,,C:\Users\H\Desktop\算法模型\data\features\physio\geriatric\user34_user34_adl7.npy,1201,4
ger_user34_user34_adl8,geriatric,34,0,,C:\Users\H\Desktop\算法模型\data\features\physio\geriatric\user34_user34_adl8.npy,3517,4
ger_user34_user34_adl9,geriatric,34,0,,C:\Users\H\Desktop\算法模型\data\features\physio\geriatric\user34_user34_adl9.npy,958,4
ger_user35_user35_adl1,geriatric,35,0,,C:\Users\H\Desktop\算法模型\data\features\physio\geriatric\user35_user35_adl1.npy,1495,4
ger_user35_user35_adl10,geriatric,35,0,,C:\Users\H\Desktop\算法模型\data\features\physio\geriatric\user35_user35_adl10.npy,2416,4
ger_user35_user35_adl11,geriatric,35,0,,C:\Users\H\Desktop\算法模型\data\features\physio\geriatric\user35_user35_adl11.npy,2108,4
ger_user35_user35_adl12,geriatric,35,0,,C:\Users\H\Desktop\算法模型\data\features\physio\geriatric\user35_user35_adl12.npy,1216,4
ger_user35_user35_adl13,geriatric,35,0,,C:\Users\H\Desktop\算法模型\data\features\physio\geriatric\user35_user35_adl13.npy,980,4
ger_user35_user35_adl14,geriatric,35,0,,C:\Users\H\Desktop\算法模型\data\features\physio\geriatric\user35_user35_adl14.npy,763,4
ger_user35_user35_adl15,geriatric,35,0,,C:\Users\H\Desktop\算法模型\data\features\physio\geriatric\user35_user35_adl15.npy,1358,4
ger_user35_user35_adl16,geriatric,35,0,,C:\Users\H\Desktop\算法模型\data\features\physio\geriatric\user35_user35_adl16.npy,1362,4
ger_user35_user35_adl2,geriatric,35,0,,C:\Users\H\Desktop\算法模型\data\features\physio\geriatric\user35_user35_adl2.npy,2796,4
ger_user35_user35_adl3,geriatric,35,0,,C:\Users\H\Desktop\算法模型\data\features\physio\geriatric\user35_user35_adl3.npy,6929,4
ger_user35_user35_adl4,geriatric,35,0,,C:\Users\H\Desktop\算法模型\data\features\physio\geriatric\user35_user35_adl4.npy,3013,4
ger_user35_user35_adl5,geriatric,35,0,,C:\Users\H\Desktop\算法模型\data\features\physio\geriatric\user35_user35_adl5.npy,4120,4
ger_user35_user35_adl6,geriatric,35,0,,C:\Users\H\Desktop\算法模型\data\features\physio\geriatric\user35_user35_adl6.npy,2928,4
ger_user35_user35_adl7,geriatric,35,0,,C:\Users\H\Desktop\算法模型\data\features\physio\geriatric\user35_user35_adl7.npy,940,4
ger_user35_user35_adl8,geriatric,35,0,,C:\Users\H\Desktop\算法模型\data\features\physio\geriatric\user35_user35_adl8.npy,1349,4
ger_user35_user35_adl9,geriatric,35,0,,C:\Users\H\Desktop\算法模型\data\features\physio\geriatric\user35_user35_adl9.npy,619,4
ger_user36_user36_adl1,geriatric,36,0,,C:\Users\H\Desktop\算法模型\data\features\physio\geriatric\user36_user36_adl1.npy,910,4
ger_user36_user36_adl10,geriatric,36,0,,C:\Users\H\Desktop\算法模型\data\features\physio\geriatric\user36_user36_adl10.npy,1106,4
ger_user36_user36_adl11,geriatric,36,0,,C:\Users\H\Desktop\算法模型\data\features\physio\geriatric\user36_user36_adl11.npy,2282,4
ger_user36_user36_adl12,geriatric,36,0,,C:\Users\H\Desktop\算法模型\data\features\physio\geriatric\user36_user36_adl12.npy,1904,4
ger_user36_user36_adl13,geriatric,36,0,,C:\Users\H\Desktop\算法模型\data\features\physio\geriatric\user36_user36_adl13.npy,985,4
ger_user36_user36_adl14,geriatric,36,0,,C:\Users\H\Desktop\算法模型\data\features\physio\geriatric\user36_user36_adl14.npy,2866,4
ger_user36_user36_adl15,geriatric,36,0,,C:\Users\H\Desktop\算法模型\data\features\physio\geriatric\user36_user36_adl15.npy,2280,4
ger_user36_user36_adl16,geriatric,36,0,,C:\Users\H\Desktop\算法模型\data\features\physio\geriatric\user36_user36_adl16.npy,997,4
ger_user36_user36_adl2,geriatric,36,0,,C:\Users\H\Desktop\算法模型\data\features\physio\geriatric\user36_user36_adl2.npy,842,4
ger_user36_user36_adl3,geriatric,36,0,,C:\Users\H\Desktop\算法模型\data\features\physio\geriatric\user36_user36_adl3.npy,16117,4
ger_user36_user36_adl4,geriatric,36,0,,C:\Users\H\Desktop\算法模型\data\features\physio\geriatric\user36_user36_adl4.npy,5050,4
ger_user36_user36_adl5,geriatric,36,0,,C:\Users\H\Desktop\算法模型\data\features\physio\geriatric\user36_user36_adl5.npy,821,4
ger_user36_user36_adl6,geriatric,36,0,,C:\Users\H\Desktop\算法模型\data\features\physio\geriatric\user36_user36_adl6.npy,670,4
ger_user36_user36_adl7,geriatric,36,0,,C:\Users\H\Desktop\算法模型\data\features\physio\geriatric\user36_user36_adl7.npy,3096,4
ger_user36_user36_adl8,geriatric,36,0,,C:\Users\H\Desktop\算法模型\data\features\physio\geriatric\user36_user36_adl8.npy,638,4
ger_user36_user36_adl9,geriatric,36,0,,C:\Users\H\Desktop\算法模型\data\features\physio\geriatric\user36_user36_adl9.npy,710,4
ger_user37_user37_adl1,geriatric,37,0,,C:\Users\H\Desktop\算法模型\data\features\physio\geriatric\user37_user37_adl1.npy,1162,4
ger_user37_user37_adl10,geriatric,37,0,,C:\Users\H\Desktop\算法模型\data\features\physio\geriatric\user37_user37_adl10.npy,960,4
ger_user37_user37_adl11,geriatric,37,0,,C:\Users\H\Desktop\算法模型\data\features\physio\geriatric\user37_user37_adl11.npy,1321,4
ger_user37_user37_adl12,geriatric,37,0,,C:\Users\H\Desktop\算法模型\data\features\physio\geriatric\user37_user37_adl12.npy,1698,4
ger_user37_user37_adl13,geriatric,37,0,,C:\Users\H\Desktop\算法模型\data\features\physio\geriatric\user37_user37_adl13.npy,1881,4
ger_user37_user37_adl14,geriatric,37,0,,C:\Users\H\Desktop\算法模型\data\features\physio\geriatric\user37_user37_adl14.npy,2481,4
ger_user37_user37_adl15,geriatric,37,0,,C:\Users\H\Desktop\算法模型\data\features\physio\geriatric\user37_user37_adl15.npy,1382,4
ger_user37_user37_adl16,geriatric,37,0,,C:\Users\H\Desktop\算法模型\data\features\physio\geriatric\user37_user37_adl16.npy,799,4
ger_user37_user37_adl2,geriatric,37,0,,C:\Users\H\Desktop\算法模型\data\features\physio\geriatric\user37_user37_adl2.npy,1171,4
ger_user37_user37_adl3,geriatric,37,0,,C:\Users\H\Desktop\算法模型\data\features\physio\geriatric\user37_user37_adl3.npy,985,4
ger_user37_user37_adl4,geriatric,37,0,,C:\Users\H\Desktop\算法模型\data\features\physio\geriatric\user37_user37_adl4.npy,2665,4
ger_user37_user37_adl5,geriatric,37,0,,C:\Users\H\Desktop\算法模型\data\features\physio\geriatric\user37_user37_adl5.npy,1564,4
ger_user37_user37_adl6,geriatric,37,0,,C:\Users\H\Desktop\算法模型\data\features\physio\geriatric\user37_user37_adl6.npy,997,4
ger_user37_user37_adl7,geriatric,37,0,,C:\Users\H\Desktop\算法模型\data\features\physio\geriatric\user37_user37_adl7.npy,815,4
ger_user37_user37_adl8,geriatric,37,0,,C:\Users\H\Desktop\算法模型\data\features\physio\geriatric\user37_user37_adl8.npy,1006,4
ger_user37_user37_adl9,geriatric,37,0,,C:\Users\H\Desktop\算法模型\data\features\physio\geriatric\user37_user37_adl9.npy,911,4
ger_user38_user38_adl1,geriatric,38,0,,C:\Users\H\Desktop\算法模型\data\features\physio\geriatric\user38_user38_adl1.npy,3492,4
ger_user38_user38_adl10,geriatric,38,0,,C:\Users\H\Desktop\算法模型\data\features\physio\geriatric\user38_user38_adl10.npy,756,4
ger_user38_user38_adl11,geriatric,38,0,,C:\Users\H\Desktop\算法模型\data\features\physio\geriatric\user38_user38_adl11.npy,1322,4
ger_user38_user38_adl12,geriatric,38,0,,C:\Users\H\Desktop\算法模型\data\features\physio\geriatric\user38_user38_adl12.npy,1535,4
ger_user38_user38_adl13,geriatric,38,0,,C:\Users\H\Desktop\算法模型\data\features\physio\geriatric\user38_user38_adl13.npy,3162,4
ger_user38_user38_adl14,geriatric,38,0,,C:\Users\H\Desktop\算法模型\data\features\physio\geriatric\user38_user38_adl14.npy,1679,4
ger_user38_user38_adl15,geriatric,38,0,,C:\Users\H\Desktop\算法模型\data\features\physio\geriatric\user38_user38_adl15.npy,1205,4
ger_user38_user38_adl16,geriatric,38,0,,C:\Users\H\Desktop\算法模型\data\features\physio\geriatric\user38_user38_adl16.npy,948,4
ger_user38_user38_adl2,geriatric,38,0,,C:\Users\H\Desktop\算法模型\data\features\physio\geriatric\user38_user38_adl2.npy,3065,4
ger_user38_user38_adl3,geriatric,38,0,,C:\Users\H\Desktop\算法模型\data\features\physio\geriatric\user38_user38_adl3.npy,3579,4
ger_user38_user38_adl4,geriatric,38,0,,C:\Users\H\Desktop\算法模型\data\features\physio\geriatric\user38_user38_adl4.npy,2986,4
ger_user38_user38_adl5,geriatric,38,0,,C:\Users\H\Desktop\算法模型\data\features\physio\geriatric\user38_user38_adl5.npy,732,4
ger_user38_user38_adl6,geriatric,38,0,,C:\Users\H\Desktop\算法模型\data\features\physio\geriatric\user38_user38_adl6.npy,715,4
ger_user38_user38_adl7,geriatric,38,0,,C:\Users\H\Desktop\算法模型\data\features\physio\geriatric\user38_user38_adl7.npy,949,4
ger_user38_user38_adl8,geriatric,38,0,,C:\Users\H\Desktop\算法模型\data\features\physio\geriatric\user38_user38_adl8.npy,1265,4
ger_user38_user38_adl9,geriatric,38,0,,C:\Users\H\Desktop\算法模型\data\features\physio\geriatric\user38_user38_adl9.npy,2580,4
ger_user39_user39_adl1,geriatric,39,0,,C:\Users\H\Desktop\算法模型\data\features\physio\geriatric\user39_user39_adl1.npy,611,4
ger_user39_user39_adl10,geriatric,39,0,,C:\Users\H\Desktop\算法模型\data\features\physio\geriatric\user39_user39_adl10.npy,1310,4
ger_user39_user39_adl11,geriatric,39,0,,C:\Users\H\Desktop\算法模型\data\features\physio\geriatric\user39_user39_adl11.npy,1382,4
ger_user39_user39_adl12,geriatric,39,0,,C:\Users\H\Desktop\算法模型\data\features\physio\geriatric\user39_user39_adl12.npy,1515,4
ger_user39_user39_adl13,geriatric,39,0,,C:\Users\H\Desktop\算法模型\data\features\physio\geriatric\user39_user39_adl13.npy,3364,4
ger_user39_user39_adl14,geriatric,39,0,,C:\Users\H\Desktop\算法模型\data\features\physio\geriatric\user39_user39_adl14.npy,1406,4
ger_user39_user39_adl15,geriatric,39,0,,C:\Users\H\Desktop\算法模型\data\features\physio\geriatric\user39_user39_adl15.npy,796,4
ger_user39_user39_adl16,geriatric,39,0,,C:\Users\H\Desktop\算法模型\data\features\physio\geriatric\user39_user39_adl16.npy,1013,4
ger_user39_user39_adl2,geriatric,39,0,,C:\Users\H\Desktop\算法模型\data\features\physio\geriatric\user39_user39_adl2.npy,4236,4
ger_user39_user39_adl3,geriatric,39,0,,C:\Users\H\Desktop\算法模型\data\features\physio\geriatric\user39_user39_adl3.npy,939,4
ger_user39_user39_adl4,geriatric,39,0,,C:\Users\H\Desktop\算法模型\data\features\physio\geriatric\user39_user39_adl4.npy,3699,4
ger_user39_user39_adl5,geriatric,39,0,,C:\Users\H\Desktop\算法模型\data\features\physio\geriatric\user39_user39_adl5.npy,3628,4
ger_user39_user39_adl6,geriatric,39,0,,C:\Users\H\Desktop\算法模型\data\features\physio\geriatric\user39_user39_adl6.npy,784,4
ger_user39_user39_adl7,geriatric,39,0,,C:\Users\H\Desktop\算法模型\data\features\physio\geriatric\user39_user39_adl7.npy,3355,4
ger_user39_user39_adl8,geriatric,39,0,,C:\Users\H\Desktop\算法模型\data\features\physio\geriatric\user39_user39_adl8.npy,3126,4
ger_user39_user39_adl9,geriatric,39,0,,C:\Users\H\Desktop\算法模型\data\features\physio\geriatric\user39_user39_adl9.npy,622,4
ger_user4_user4_adl1,geriatric,4,0,,C:\Users\H\Desktop\算法模型\data\features\physio\geriatric\user4_user4_adl1.npy,6960,4
ger_user4_user4_adl10,geriatric,4,0,,C:\Users\H\Desktop\算法模型\data\features\physio\geriatric\user4_user4_adl10.npy,5341,4
ger_user4_user4_adl11,geriatric,4,0,,C:\Users\H\Desktop\算法模型\data\features\physio\geriatric\user4_user4_adl11.npy,4752,4
ger_user4_user4_adl12,geriatric,4,0,,C:\Users\H\Desktop\算法模型\data\features\physio\geriatric\user4_user4_adl12.npy,10739,4
ger_user4_user4_adl13,geriatric,4,0,,C:\Users\H\Desktop\算法模型\data\features\physio\geriatric\user4_user4_adl13.npy,3746,4
ger_user4_user4_adl14,geriatric,4,0,,C:\Users\H\Desktop\算法模型\data\features\physio\geriatric\user4_user4_adl14.npy,3430,4
ger_user4_user4_adl15,geriatric,4,0,,C:\Users\H\Desktop\算法模型\data\features\physio\geriatric\user4_user4_adl15.npy,4944,4
ger_user4_user4_adl16,geriatric,4,0,,C:\Users\H\Desktop\算法模型\data\features\physio\geriatric\user4_user4_adl16.npy,4955,4
ger_user4_user4_adl2,geriatric,4,0,,C:\Users\H\Desktop\算法模型\data\features\physio\geriatric\user4_user4_adl2.npy,6549,4
ger_user4_user4_adl3,geriatric,4,0,,C:\Users\H\Desktop\算法模型\data\features\physio\geriatric\user4_user4_adl3.npy,19724,4
ger_user4_user4_adl4,geriatric,4,0,,C:\Users\H\Desktop\算法模型\data\features\physio\geriatric\user4_user4_adl4.npy,4925,4
ger_user4_user4_adl5,geriatric,4,0,,C:\Users\H\Desktop\算法模型\data\features\physio\geriatric\user4_user4_adl5.npy,5361,4
ger_user4_user4_adl6,geriatric,4,0,,C:\Users\H\Desktop\算法模型\data\features\physio\geriatric\user4_user4_adl6.npy,2305,4
ger_user4_user4_adl7,geriatric,4,0,,C:\Users\H\Desktop\算法模型\data\features\physio\geriatric\user4_user4_adl7.npy,3380,4
ger_user4_user4_adl8,geriatric,4,0,,C:\Users\H\Desktop\算法模型\data\features\physio\geriatric\user4_user4_adl8.npy,2263,4
ger_user4_user4_adl9,geriatric,4,0,,C:\Users\H\Desktop\算法模型\data\features\physio\geriatric\user4_user4_adl9.npy,2266,4
ger_user40_user40_adl1,geriatric,40,0,,C:\Users\H\Desktop\算法模型\data\features\physio\geriatric\user40_user40_adl1.npy,944,4
ger_user40_user40_adl10,geriatric,40,0,,C:\Users\H\Desktop\算法模型\data\features\physio\geriatric\user40_user40_adl10.npy,1404,4
ger_user40_user40_adl11,geriatric,40,0,,C:\Users\H\Desktop\算法模型\data\features\physio\geriatric\user40_user40_adl11.npy,969,4
ger_user40_user40_adl12,geriatric,40,0,,C:\Users\H\Desktop\算法模型\data\features\physio\geriatric\user40_user40_adl12.npy,2872,4
ger_user40_user40_adl13,geriatric,40,0,,C:\Users\H\Desktop\算法模型\data\features\physio\geriatric\user40_user40_adl13.npy,9450,4
ger_user40_user40_adl14,geriatric,40,0,,C:\Users\H\Desktop\算法模型\data\features\physio\geriatric\user40_user40_adl14.npy,3279,4
ger_user40_user40_adl15,geriatric,40,0,,C:\Users\H\Desktop\算法模型\data\features\physio\geriatric\user40_user40_adl15.npy,2106,4
ger_user40_user40_adl16,geriatric,40,0,,C:\Users\H\Desktop\算法模型\data\features\physio\geriatric\user40_user40_adl16.npy,2197,4
ger_user40_user40_adl2,geriatric,40,0,,C:\Users\H\Desktop\算法模型\data\features\physio\geriatric\user40_user40_adl2.npy,760,4
ger_user40_user40_adl3,geriatric,40,0,,C:\Users\H\Desktop\算法模型\data\features\physio\geriatric\user40_user40_adl3.npy,3714,4
ger_user40_user40_adl4,geriatric,40,0,,C:\Users\H\Desktop\算法模型\data\features\physio\geriatric\user40_user40_adl4.npy,4307,4
ger_user40_user40_adl5,geriatric,40,0,,C:\Users\H\Desktop\算法模型\data\features\physio\geriatric\user40_user40_adl5.npy,931,4
ger_user40_user40_adl6,geriatric,40,0,,C:\Users\H\Desktop\算法模型\data\features\physio\geriatric\user40_user40_adl6.npy,3305,4
ger_user40_user40_adl7,geriatric,40,0,,C:\Users\H\Desktop\算法模型\data\features\physio\geriatric\user40_user40_adl7.npy,939,4
ger_user40_user40_adl8,geriatric,40,0,,C:\Users\H\Desktop\算法模型\data\features\physio\geriatric\user40_user40_adl8.npy,1111,4
ger_user40_user40_adl9,geriatric,40,0,,C:\Users\H\Desktop\算法模型\data\features\physio\geriatric\user40_user40_adl9.npy,954,4
ger_user41_user41_adl1,geriatric,41,0,,C:\Users\H\Desktop\算法模型\data\features\physio\geriatric\user41_user41_adl1.npy,2551,4
ger_user41_user41_adl10,geriatric,41,0,,C:\Users\H\Desktop\算法模型\data\features\physio\geriatric\user41_user41_adl10.npy,1309,4
ger_user41_user41_adl11,geriatric,41,0,,C:\Users\H\Desktop\算法模型\data\features\physio\geriatric\user41_user41_adl11.npy,1362,4
ger_user41_user41_adl12,geriatric,41,0,,C:\Users\H\Desktop\算法模型\data\features\physio\geriatric\user41_user41_adl12.npy,1309,4
ger_user41_user41_adl13,geriatric,41,0,,C:\Users\H\Desktop\算法模型\data\features\physio\geriatric\user41_user41_adl13.npy,3049,4
ger_user41_user41_adl14,geriatric,41,0,,C:\Users\H\Desktop\算法模型\data\features\physio\geriatric\user41_user41_adl14.npy,2386,4
ger_user41_user41_adl15,geriatric,41,0,,C:\Users\H\Desktop\算法模型\data\features\physio\geriatric\user41_user41_adl15.npy,1884,4
ger_user41_user41_adl16,geriatric,41,0,,C:\Users\H\Desktop\算法模型\data\features\physio\geriatric\user41_user41_adl16.npy,1767,4
ger_user41_user41_adl2,geriatric,41,0,,C:\Users\H\Desktop\算法模型\data\features\physio\geriatric\user41_user41_adl2.npy,1997,4
ger_user41_user41_adl3,geriatric,41,0,,C:\Users\H\Desktop\算法模型\data\features\physio\geriatric\user41_user41_adl3.npy,10462,4
ger_user41_user41_adl4,geriatric,41,0,,C:\Users\H\Desktop\算法模型\data\features\physio\geriatric\user41_user41_adl4.npy,1206,4
ger_user41_user41_adl5,geriatric,41,0,,C:\Users\H\Desktop\算法模型\data\features\physio\geriatric\user41_user41_adl5.npy,3312,4
ger_user41_user41_adl6,geriatric,41,0,,C:\Users\H\Desktop\算法模型\data\features\physio\geriatric\user41_user41_adl6.npy,2446,4
ger_user41_user41_adl7,geriatric,41,0,,C:\Users\H\Desktop\算法模型\data\features\physio\geriatric\user41_user41_adl7.npy,738,4
ger_user41_user41_adl8,geriatric,41,0,,C:\Users\H\Desktop\算法模型\data\features\physio\geriatric\user41_user41_adl8.npy,1280,4
ger_user41_user41_adl9,geriatric,41,0,,C:\Users\H\Desktop\算法模型\data\features\physio\geriatric\user41_user41_adl9.npy,1141,4
ger_user5_user5_adl1,geriatric,5,0,,C:\Users\H\Desktop\算法模型\data\features\physio\geriatric\user5_user5_adl1.npy,1187,4
ger_user5_user5_adl10,geriatric,5,0,,C:\Users\H\Desktop\算法模型\data\features\physio\geriatric\user5_user5_adl10.npy,4740,4
ger_user5_user5_adl11,geriatric,5,0,,C:\Users\H\Desktop\算法模型\data\features\physio\geriatric\user5_user5_adl11.npy,4760,4
ger_user5_user5_adl12,geriatric,5,0,,C:\Users\H\Desktop\算法模型\data\features\physio\geriatric\user5_user5_adl12.npy,2618,4
ger_user5_user5_adl13,geriatric,5,0,,C:\Users\H\Desktop\算法模型\data\features\physio\geriatric\user5_user5_adl13.npy,4984,4
ger_user5_user5_adl14,geriatric,5,0,,C:\Users\H\Desktop\算法模型\data\features\physio\geriatric\user5_user5_adl14.npy,1170,4
ger_user5_user5_adl15,geriatric,5,0,,C:\Users\H\Desktop\算法模型\data\features\physio\geriatric\user5_user5_adl15.npy,4105,4
ger_user5_user5_adl16,geriatric,5,0,,C:\Users\H\Desktop\算法模型\data\features\physio\geriatric\user5_user5_adl16.npy,3408,4
ger_user5_user5_adl2,geriatric,5,0,,C:\Users\H\Desktop\算法模型\data\features\physio\geriatric\user5_user5_adl2.npy,3106,4
ger_user5_user5_adl3,geriatric,5,0,,C:\Users\H\Desktop\算法模型\data\features\physio\geriatric\user5_user5_adl3.npy,12524,4
ger_user5_user5_adl4,geriatric,5,0,,C:\Users\H\Desktop\算法模型\data\features\physio\geriatric\user5_user5_adl4.npy,2791,4
ger_user5_user5_adl5,geriatric,5,0,,C:\Users\H\Desktop\算法模型\data\features\physio\geriatric\user5_user5_adl5.npy,10693,4
ger_user5_user5_adl6,geriatric,5,0,,C:\Users\H\Desktop\算法模型\data\features\physio\geriatric\user5_user5_adl6.npy,2063,4
ger_user5_user5_adl7,geriatric,5,0,,C:\Users\H\Desktop\算法模型\data\features\physio\geriatric\user5_user5_adl7.npy,4217,4
ger_user5_user5_adl8,geriatric,5,0,,C:\Users\H\Desktop\算法模型\data\features\physio\geriatric\user5_user5_adl8.npy,7071,4
ger_user5_user5_adl9,geriatric,5,0,,C:\Users\H\Desktop\算法模型\data\features\physio\geriatric\user5_user5_adl9.npy,1452,4
ger_user6_user6_adl1,geriatric,6,0,,C:\Users\H\Desktop\算法模型\data\features\physio\geriatric\user6_user6_adl1.npy,11672,4
ger_user6_user6_adl10,geriatric,6,0,,C:\Users\H\Desktop\算法模型\data\features\physio\geriatric\user6_user6_adl10.npy,4345,4
ger_user6_user6_adl11,geriatric,6,0,,C:\Users\H\Desktop\算法模型\data\features\physio\geriatric\user6_user6_adl11.npy,5061,4
ger_user6_user6_adl12,geriatric,6,0,,C:\Users\H\Desktop\算法模型\data\features\physio\geriatric\user6_user6_adl12.npy,2210,4
ger_user6_user6_adl13,geriatric,6,0,,C:\Users\H\Desktop\算法模型\data\features\physio\geriatric\user6_user6_adl13.npy,17655,4
ger_user6_user6_adl14,geriatric,6,0,,C:\Users\H\Desktop\算法模型\data\features\physio\geriatric\user6_user6_adl14.npy,3612,4
ger_user6_user6_adl15,geriatric,6,0,,C:\Users\H\Desktop\算法模型\data\features\physio\geriatric\user6_user6_adl15.npy,6238,4
ger_user6_user6_adl16,geriatric,6,0,,C:\Users\H\Desktop\算法模型\data\features\physio\geriatric\user6_user6_adl16.npy,4408,4
ger_user6_user6_adl2,geriatric,6,0,,C:\Users\H\Desktop\算法模型\data\features\physio\geriatric\user6_user6_adl2.npy,5866,4
ger_user6_user6_adl3,geriatric,6,0,,C:\Users\H\Desktop\算法模型\data\features\physio\geriatric\user6_user6_adl3.npy,4034,4
ger_user6_user6_adl4,geriatric,6,0,,C:\Users\H\Desktop\算法模型\data\features\physio\geriatric\user6_user6_adl4.npy,2102,4
ger_user6_user6_adl5,geriatric,6,0,,C:\Users\H\Desktop\算法模型\data\features\physio\geriatric\user6_user6_adl5.npy,9485,4
ger_user6_user6_adl6,geriatric,6,0,,C:\Users\H\Desktop\算法模型\data\features\physio\geriatric\user6_user6_adl6.npy,5427,4
ger_user6_user6_adl7,geriatric,6,0,,C:\Users\H\Desktop\算法模型\data\features\physio\geriatric\user6_user6_adl7.npy,8020,4
ger_user6_user6_adl8,geriatric,6,0,,C:\Users\H\Desktop\算法模型\data\features\physio\geriatric\user6_user6_adl8.npy,5759,4
ger_user6_user6_adl9,geriatric,6,0,,C:\Users\H\Desktop\算法模型\data\features\physio\geriatric\user6_user6_adl9.npy,3969,4
ger_user7_user7_adl1,geriatric,7,0,,C:\Users\H\Desktop\算法模型\data\features\physio\geriatric\user7_user7_adl1.npy,1879,4
ger_user7_user7_adl10,geriatric,7,0,,C:\Users\H\Desktop\算法模型\data\features\physio\geriatric\user7_user7_adl10.npy,2200,4
ger_user7_user7_adl11,geriatric,7,0,,C:\Users\H\Desktop\算法模型\data\features\physio\geriatric\user7_user7_adl11.npy,2418,4
ger_user7_user7_adl12,geriatric,7,0,,C:\Users\H\Desktop\算法模型\data\features\physio\geriatric\user7_user7_adl12.npy,2267,4
ger_user7_user7_adl13,geriatric,7,0,,C:\Users\H\Desktop\算法模型\data\features\physio\geriatric\user7_user7_adl13.npy,22882,4
ger_user7_user7_adl14,geriatric,7,0,,C:\Users\H\Desktop\算法模型\data\features\physio\geriatric\user7_user7_adl14.npy,4936,4
ger_user7_user7_adl15,geriatric,7,0,,C:\Users\H\Desktop\算法模型\data\features\physio\geriatric\user7_user7_adl15.npy,3172,4
ger_user7_user7_adl16,geriatric,7,0,,C:\Users\H\Desktop\算法模型\data\features\physio\geriatric\user7_user7_adl16.npy,1892,4
ger_user7_user7_adl2,geriatric,7,0,,C:\Users\H\Desktop\算法模型\data\features\physio\geriatric\user7_user7_adl2.npy,6890,4
ger_user7_user7_adl3,geriatric,7,0,,C:\Users\H\Desktop\算法模型\data\features\physio\geriatric\user7_user7_adl3.npy,2678,4
ger_user7_user7_adl4,geriatric,7,0,,C:\Users\H\Desktop\算法模型\data\features\physio\geriatric\user7_user7_adl4.npy,7754,4
ger_user7_user7_adl5,geriatric,7,0,,C:\Users\H\Desktop\算法模型\data\features\physio\geriatric\user7_user7_adl5.npy,5168,4
ger_user7_user7_adl6,geriatric,7,0,,C:\Users\H\Desktop\算法模型\data\features\physio\geriatric\user7_user7_adl6.npy,2651,4
ger_user7_user7_adl7,geriatric,7,0,,C:\Users\H\Desktop\算法模型\data\features\physio\geriatric\user7_user7_adl7.npy,1610,4
ger_user7_user7_adl8,geriatric,7,0,,C:\Users\H\Desktop\算法模型\data\features\physio\geriatric\user7_user7_adl8.npy,2286,4
ger_user7_user7_adl9,geriatric,7,0,,C:\Users\H\Desktop\算法模型\data\features\physio\geriatric\user7_user7_adl9.npy,1409,4
ger_user8_user8_adl1,geriatric,8,0,,C:\Users\H\Desktop\算法模型\data\features\physio\geriatric\user8_user8_adl1.npy,2112,4
ger_user8_user8_adl10,geriatric,8,0,,C:\Users\H\Desktop\算法模型\data\features\physio\geriatric\user8_user8_adl10.npy,1548,4
ger_user8_user8_adl11,geriatric,8,0,,C:\Users\H\Desktop\算法模型\data\features\physio\geriatric\user8_user8_adl11.npy,2553,4
ger_user8_user8_adl12,geriatric,8,0,,C:\Users\H\Desktop\算法模型\data\features\physio\geriatric\user8_user8_adl12.npy,7487,4
ger_user8_user8_adl13,geriatric,8,0,,C:\Users\H\Desktop\算法模型\data\features\physio\geriatric\user8_user8_adl13.npy,2340,4
ger_user8_user8_adl14,geriatric,8,0,,C:\Users\H\Desktop\算法模型\data\features\physio\geriatric\user8_user8_adl14.npy,4558,4
ger_user8_user8_adl15,geriatric,8,0,,C:\Users\H\Desktop\算法模型\data\features\physio\geriatric\user8_user8_adl15.npy,3948,4
ger_user8_user8_adl16,geriatric,8,0,,C:\Users\H\Desktop\算法模型\data\features\physio\geriatric\user8_user8_adl16.npy,2177,4
ger_user8_user8_adl2,geriatric,8,0,,C:\Users\H\Desktop\算法模型\data\features\physio\geriatric\user8_user8_adl2.npy,2459,4
ger_user8_user8_adl3,geriatric,8,0,,C:\Users\H\Desktop\算法模型\data\features\physio\geriatric\user8_user8_adl3.npy,11807,4
ger_user8_user8_adl4,geriatric,8,0,,C:\Users\H\Desktop\算法模型\data\features\physio\geriatric\user8_user8_adl4.npy,1418,4
ger_user8_user8_adl5,geriatric,8,0,,C:\Users\H\Desktop\算法模型\data\features\physio\geriatric\user8_user8_adl5.npy,5233,4
ger_user8_user8_adl6,geriatric,8,0,,C:\Users\H\Desktop\算法模型\data\features\physio\geriatric\user8_user8_adl6.npy,6439,4
ger_user8_user8_adl7,geriatric,8,0,,C:\Users\H\Desktop\算法模型\data\features\physio\geriatric\user8_user8_adl7.npy,2562,4
ger_user8_user8_adl8,geriatric,8,0,,C:\Users\H\Desktop\算法模型\data\features\physio\geriatric\user8_user8_adl8.npy,5193,4
ger_user8_user8_adl9,geriatric,8,0,,C:\Users\H\Desktop\算法模型\data\features\physio\geriatric\user8_user8_adl9.npy,4321,4
ger_user9_user9_adl1,geriatric,9,0,,C:\Users\H\Desktop\算法模型\data\features\physio\geriatric\user9_user9_adl1.npy,2083,4
ger_user9_user9_adl10,geriatric,9,0,,C:\Users\H\Desktop\算法模型\data\features\physio\geriatric\user9_user9_adl10.npy,4556,4
ger_user9_user9_adl11,geriatric,9,0,,C:\Users\H\Desktop\算法模型\data\features\physio\geriatric\user9_user9_adl11.npy,4305,4
ger_user9_user9_adl12,geriatric,9,0,,C:\Users\H\Desktop\算法模型\data\features\physio\geriatric\user9_user9_adl12.npy,1463,4
ger_user9_user9_adl13,geriatric,9,0,,C:\Users\H\Desktop\算法模型\data\features\physio\geriatric\user9_user9_adl13.npy,2053,4
ger_user9_user9_adl14,geriatric,9,0,,C:\Users\H\Desktop\算法模型\data\features\physio\geriatric\user9_user9_adl14.npy,3866,4
ger_user9_user9_adl15,geriatric,9,0,,C:\Users\H\Desktop\算法模型\data\features\physio\geriatric\user9_user9_adl15.npy,4551,4
ger_user9_user9_adl16,geriatric,9,0,,C:\Users\H\Desktop\算法模型\data\features\physio\geriatric\user9_user9_adl16.npy,3728,4
ger_user9_user9_adl2,geriatric,9,0,,C:\Users\H\Desktop\算法模型\data\features\physio\geriatric\user9_user9_adl2.npy,4626,4
ger_user9_user9_adl3,geriatric,9,0,,C:\Users\H\Desktop\算法模型\data\features\physio\geriatric\user9_user9_adl3.npy,2791,4
ger_user9_user9_adl4,geriatric,9,0,,C:\Users\H\Desktop\算法模型\data\features\physio\geriatric\user9_user9_adl4.npy,2152,4
ger_user9_user9_adl5,geriatric,9,0,,C:\Users\H\Desktop\算法模型\data\features\physio\geriatric\user9_user9_adl5.npy,2228,4
ger_user9_user9_adl6,geriatric,9,0,,C:\Users\H\Desktop\算法模型\data\features\physio\geriatric\user9_user9_adl6.npy,6407,4
ger_user9_user9_adl7,geriatric,9,0,,C:\Users\H\Desktop\算法模型\data\features\physio\geriatric\user9_user9_adl7.npy,2369,4
ger_user9_user9_adl8,geriatric,9,0,,C:\Users\H\Desktop\算法模型\data\features\physio\geriatric\user9_user9_adl8.npy,5645,4
ger_user9_user9_adl9,geriatric,9,0,,C:\Users\H\Desktop\算法模型\data\features\physio\geriatric\user9_user9_adl9.npy,2569,4
ger_user1_user1_fall1,geriatric,1,1,,C:\Users\H\Desktop\算法模型\data\features\physio\geriatric\user1_user1_fall1.npy,129,4
ger_user1_user1_fall2,geriatric,1,1,,C:\Users\H\Desktop\算法模型\data\features\physio\geriatric\user1_user1_fall2.npy,570,4
ger_user1_user1_fall3,geriatric,1,1,,C:\Users\H\Desktop\算法模型\data\features\physio\geriatric\user1_user1_fall3.npy,622,4
ger_user1_user1_fall4,geriatric,1,1,,C:\Users\H\Desktop\算法模型\data\features\physio\geriatric\user1_user1_fall4.npy,130,4
ger_user1_user1_fall5,geriatric,1,1,,C:\Users\H\Desktop\算法模型\data\features\physio\geriatric\user1_user1_fall5.npy,561,4
ger_user1_user1_fall6,geriatric,1,1,,C:\Users\H\Desktop\算法模型\data\features\physio\geriatric\user1_user1_fall6.npy,372,4
ger_user1_user1_fall7,geriatric,1,1,,C:\Users\H\Desktop\算法模型\data\features\physio\geriatric\user1_user1_fall7.npy,646,4
ger_user1_user1_fall8,geriatric,1,1,,C:\Users\H\Desktop\算法模型\data\features\physio\geriatric\user1_user1_fall8.npy,108,4
ger_user10_user10_fall1,geriatric,10,1,,C:\Users\H\Desktop\算法模型\data\features\physio\geriatric\user10_user10_fall1.npy,2347,4
ger_user10_user10_fall2,geriatric,10,1,,C:\Users\H\Desktop\算法模型\data\features\physio\geriatric\user10_user10_fall2.npy,6063,4
ger_user10_user10_fall3,geriatric,10,1,,C:\Users\H\Desktop\算法模型\data\features\physio\geriatric\user10_user10_fall3.npy,3935,4
ger_user10_user10_fall4,geriatric,10,1,,C:\Users\H\Desktop\算法模型\data\features\physio\geriatric\user10_user10_fall4.npy,9782,4
ger_user10_user10_fall5,geriatric,10,1,,C:\Users\H\Desktop\算法模型\data\features\physio\geriatric\user10_user10_fall5.npy,9754,4
ger_user10_user10_fall6,geriatric,10,1,,C:\Users\H\Desktop\算法模型\data\features\physio\geriatric\user10_user10_fall6.npy,2145,4
ger_user10_user10_fall7,geriatric,10,1,,C:\Users\H\Desktop\算法模型\data\features\physio\geriatric\user10_user10_fall7.npy,1548,4
ger_user10_user10_fall8,geriatric,10,1,,C:\Users\H\Desktop\算法模型\data\features\physio\geriatric\user10_user10_fall8.npy,1409,4
ger_user11_user11_fall1,geriatric,11,1,,C:\Users\H\Desktop\算法模型\data\features\physio\geriatric\user11_user11_fall1.npy,960,4
ger_user11_user11_fall2,geriatric,11,1,,C:\Users\H\Desktop\算法模型\data\features\physio\geriatric\user11_user11_fall2.npy,1295,4
ger_user11_user11_fall3,geriatric,11,1,,C:\Users\H\Desktop\算法模型\data\features\physio\geriatric\user11_user11_fall3.npy,5342,4
ger_user11_user11_fall4,geriatric,11,1,,C:\Users\H\Desktop\算法模型\data\features\physio\geriatric\user11_user11_fall4.npy,4234,4
ger_user11_user11_fall5,geriatric,11,1,,C:\Users\H\Desktop\算法模型\data\features\physio\geriatric\user11_user11_fall5.npy,9736,4
ger_user11_user11_fall6,geriatric,11,1,,C:\Users\H\Desktop\算法模型\data\features\physio\geriatric\user11_user11_fall6.npy,1943,4
ger_user11_user11_fall7,geriatric,11,1,,C:\Users\H\Desktop\算法模型\data\features\physio\geriatric\user11_user11_fall7.npy,1813,4
ger_user11_user11_fall8,geriatric,11,1,,C:\Users\H\Desktop\算法模型\data\features\physio\geriatric\user11_user11_fall8.npy,1285,4
ger_user12_user12_fall1,geriatric,12,1,,C:\Users\H\Desktop\算法模型\data\features\physio\geriatric\user12_user12_fall1.npy,2221,4
ger_user12_user12_fall2,geriatric,12,1,,C:\Users\H\Desktop\算法模型\data\features\physio\geriatric\user12_user12_fall2.npy,2926,4
ger_user12_user12_fall3,geriatric,12,1,,C:\Users\H\Desktop\算法模型\data\features\physio\geriatric\user12_user12_fall3.npy,2111,4
ger_user12_user12_fall4,geriatric,12,1,,C:\Users\H\Desktop\算法模型\data\features\physio\geriatric\user12_user12_fall4.npy,2786,4
ger_user12_user12_fall5,geriatric,12,1,,C:\Users\H\Desktop\算法模型\data\features\physio\geriatric\user12_user12_fall5.npy,2252,4
ger_user12_user12_fall6,geriatric,12,1,,C:\Users\H\Desktop\算法模型\data\features\physio\geriatric\user12_user12_fall6.npy,3301,4
ger_user12_user12_fall7,geriatric,12,1,,C:\Users\H\Desktop\算法模型\data\features\physio\geriatric\user12_user12_fall7.npy,2932,4
ger_user12_user12_fall8,geriatric,12,1,,C:\Users\H\Desktop\算法模型\data\features\physio\geriatric\user12_user12_fall8.npy,2789,4
ger_user13_user13_fall1,geriatric,13,1,,C:\Users\H\Desktop\算法模型\data\features\physio\geriatric\user13_user13_fall1.npy,1069,4
ger_user13_user13_fall2,geriatric,13,1,,C:\Users\H\Desktop\算法模型\data\features\physio\geriatric\user13_user13_fall2.npy,3085,4
ger_user13_user13_fall3,geriatric,13,1,,C:\Users\H\Desktop\算法模型\data\features\physio\geriatric\user13_user13_fall3.npy,5405,4
ger_user13_user13_fall4,geriatric,13,1,,C:\Users\H\Desktop\算法模型\data\features\physio\geriatric\user13_user13_fall4.npy,4157,4
ger_user13_user13_fall5,geriatric,13,1,,C:\Users\H\Desktop\算法模型\data\features\physio\geriatric\user13_user13_fall5.npy,2104,4
ger_user13_user13_fall6,geriatric,13,1,,C:\Users\H\Desktop\算法模型\data\features\physio\geriatric\user13_user13_fall6.npy,608,4
ger_user13_user13_fall7,geriatric,13,1,,C:\Users\H\Desktop\算法模型\data\features\physio\geriatric\user13_user13_fall7.npy,3154,4
ger_user13_user13_fall8,geriatric,13,1,,C:\Users\H\Desktop\算法模型\data\features\physio\geriatric\user13_user13_fall8.npy,2358,4
ger_user14_user14_fall1,geriatric,14,1,,C:\Users\H\Desktop\算法模型\data\features\physio\geriatric\user14_user14_fall1.npy,2152,4
ger_user14_user14_fall2,geriatric,14,1,,C:\Users\H\Desktop\算法模型\data\features\physio\geriatric\user14_user14_fall2.npy,3250,4
ger_user14_user14_fall3,geriatric,14,1,,C:\Users\H\Desktop\算法模型\data\features\physio\geriatric\user14_user14_fall3.npy,2839,4
ger_user14_user14_fall4,geriatric,14,1,,C:\Users\H\Desktop\算法模型\data\features\physio\geriatric\user14_user14_fall4.npy,3498,4
ger_user14_user14_fall5,geriatric,14,1,,C:\Users\H\Desktop\算法模型\data\features\physio\geriatric\user14_user14_fall5.npy,2951,4
ger_user14_user14_fall6,geriatric,14,1,,C:\Users\H\Desktop\算法模型\data\features\physio\geriatric\user14_user14_fall6.npy,6257,4
ger_user14_user14_fall7,geriatric,14,1,,C:\Users\H\Desktop\算法模型\data\features\physio\geriatric\user14_user14_fall7.npy,1497,4
ger_user14_user14_fall8,geriatric,14,1,,C:\Users\H\Desktop\算法模型\data\features\physio\geriatric\user14_user14_fall8.npy,3327,4
ger_user15_user15_fall1,geriatric,15,1,,C:\Users\H\Desktop\算法模型\data\features\physio\geriatric\user15_user15_fall1.npy,978,4
ger_user15_user15_fall2,geriatric,15,1,,C:\Users\H\Desktop\算法模型\data\features\physio\geriatric\user15_user15_fall2.npy,3132,4
ger_user15_user15_fall3,geriatric,15,1,,C:\Users\H\Desktop\算法模型\data\features\physio\geriatric\user15_user15_fall3.npy,6284,4
ger_user15_user15_fall4,geriatric,15,1,,C:\Users\H\Desktop\算法模型\data\features\physio\geriatric\user15_user15_fall4.npy,6115,4
ger_user15_user15_fall5,geriatric,15,1,,C:\Users\H\Desktop\算法模型\data\features\physio\geriatric\user15_user15_fall5.npy,6279,4
ger_user15_user15_fall6,geriatric,15,1,,C:\Users\H\Desktop\算法模型\data\features\physio\geriatric\user15_user15_fall6.npy,2095,4
ger_user15_user15_fall7,geriatric,15,1,,C:\Users\H\Desktop\算法模型\data\features\physio\geriatric\user15_user15_fall7.npy,3309,4
ger_user15_user15_fall8,geriatric,15,1,,C:\Users\H\Desktop\算法模型\data\features\physio\geriatric\user15_user15_fall8.npy,3305,4
ger_user16_user16_fall1,geriatric,16,1,,C:\Users\H\Desktop\算法模型\data\features\physio\geriatric\user16_user16_fall1.npy,709,4
ger_user16_user16_fall2,geriatric,16,1,,C:\Users\H\Desktop\算法模型\data\features\physio\geriatric\user16_user16_fall2.npy,2899,4
ger_user16_user16_fall3,geriatric,16,1,,C:\Users\H\Desktop\算法模型\data\features\physio\geriatric\user16_user16_fall3.npy,2724,4
ger_user16_user16_fall4,geriatric,16,1,,C:\Users\H\Desktop\算法模型\data\features\physio\geriatric\user16_user16_fall4.npy,4893,4
ger_user16_user16_fall5,geriatric,16,1,,C:\Users\H\Desktop\算法模型\data\features\physio\geriatric\user16_user16_fall5.npy,6463,4
ger_user16_user16_fall6,geriatric,16,1,,C:\Users\H\Desktop\算法模型\data\features\physio\geriatric\user16_user16_fall6.npy,2793,4
ger_user16_user16_fall7,geriatric,16,1,,C:\Users\H\Desktop\算法模型\data\features\physio\geriatric\user16_user16_fall7.npy,3308,4
ger_user16_user16_fall8,geriatric,16,1,,C:\Users\H\Desktop\算法模型\data\features\physio\geriatric\user16_user16_fall8.npy,896,4
ger_user17_user17_fall1,geriatric,17,1,,C:\Users\H\Desktop\算法模型\data\features\physio\geriatric\user17_user17_fall1.npy,705,4
ger_user17_user17_fall2,geriatric,17,1,,C:\Users\H\Desktop\算法模型\data\features\physio\geriatric\user17_user17_fall2.npy,1909,4
ger_user17_user17_fall3,geriatric,17,1,,C:\Users\H\Desktop\算法模型\data\features\physio\geriatric\user17_user17_fall3.npy,4564,4
ger_user17_user17_fall4,geriatric,17,1,,C:\Users\H\Desktop\算法模型\data\features\physio\geriatric\user17_user17_fall4.npy,1556,4
ger_user17_user17_fall5,geriatric,17,1,,C:\Users\H\Desktop\算法模型\data\features\physio\geriatric\user17_user17_fall5.npy,4895,4
ger_user17_user17_fall6,geriatric,17,1,,C:\Users\H\Desktop\算法模型\data\features\physio\geriatric\user17_user17_fall6.npy,2787,4
ger_user17_user17_fall7,geriatric,17,1,,C:\Users\H\Desktop\算法模型\data\features\physio\geriatric\user17_user17_fall7.npy,1312,4
ger_user17_user17_fall8,geriatric,17,1,,C:\Users\H\Desktop\算法模型\data\features\physio\geriatric\user17_user17_fall8.npy,4709,4
ger_user18_user18_fall1,geriatric,18,1,,C:\Users\H\Desktop\算法模型\data\features\physio\geriatric\user18_user18_fall1.npy,2739,4
ger_user18_user18_fall2,geriatric,18,1,,C:\Users\H\Desktop\算法模型\data\features\physio\geriatric\user18_user18_fall2.npy,3004,4
ger_user18_user18_fall3,geriatric,18,1,,C:\Users\H\Desktop\算法模型\data\features\physio\geriatric\user18_user18_fall3.npy,1709,4
ger_user18_user18_fall4,geriatric,18,1,,C:\Users\H\Desktop\算法模型\data\features\physio\geriatric\user18_user18_fall4.npy,775,4
ger_user18_user18_fall5,geriatric,18,1,,C:\Users\H\Desktop\算法模型\data\features\physio\geriatric\user18_user18_fall5.npy,946,4
ger_user18_user18_fall6,geriatric,18,1,,C:\Users\H\Desktop\算法模型\data\features\physio\geriatric\user18_user18_fall6.npy,983,4
ger_user18_user18_fall7,geriatric,18,1,,C:\Users\H\Desktop\算法模型\data\features\physio\geriatric\user18_user18_fall7.npy,953,4
ger_user18_user18_fall8,geriatric,18,1,,C:\Users\H\Desktop\算法模型\data\features\physio\geriatric\user18_user18_fall8.npy,699,4
ger_user19_user19_fall1,geriatric,19,1,,C:\Users\H\Desktop\算法模型\data\features\physio\geriatric\user19_user19_fall1.npy,1789,4
ger_user19_user19_fall2,geriatric,19,1,,C:\Users\H\Desktop\算法模型\data\features\physio\geriatric\user19_user19_fall2.npy,716,4
ger_user19_user19_fall3,geriatric,19,1,,C:\Users\H\Desktop\算法模型\data\features\physio\geriatric\user19_user19_fall3.npy,757,4
ger_user19_user19_fall4,geriatric,19,1,,C:\Users\H\Desktop\算法模型\data\features\physio\geriatric\user19_user19_fall4.npy,1189,4
ger_user19_user19_fall5,geriatric,19,1,,C:\Users\H\Desktop\算法模型\data\features\physio\geriatric\user19_user19_fall5.npy,1214,4
ger_user19_user19_fall6,geriatric,19,1,,C:\Users\H\Desktop\算法模型\data\features\physio\geriatric\user19_user19_fall6.npy,716,4
ger_user19_user19_fall7,geriatric,19,1,,C:\Users\H\Desktop\算法模型\data\features\physio\geriatric\user19_user19_fall7.npy,758,4
ger_user19_user19_fall8,geriatric,19,1,,C:\Users\H\Desktop\算法模型\data\features\physio\geriatric\user19_user19_fall8.npy,1122,4
ger_user2_user2_fall1,geriatric,2,1,,C:\Users\H\Desktop\算法模型\data\features\physio\geriatric\user2_user2_fall1.npy,2901,4
ger_user2_user2_fall2,geriatric,2,1,,C:\Users\H\Desktop\算法模型\data\features\physio\geriatric\user2_user2_fall2.npy,3919,4
ger_user2_user2_fall3,geriatric,2,1,,C:\Users\H\Desktop\算法模型\data\features\physio\geriatric\user2_user2_fall3.npy,1830,4
ger_user2_user2_fall4,geriatric,2,1,,C:\Users\H\Desktop\算法模型\data\features\physio\geriatric\user2_user2_fall4.npy,1132,4
ger_user2_user2_fall5,geriatric,2,1,,C:\Users\H\Desktop\算法模型\data\features\physio\geriatric\user2_user2_fall5.npy,2220,4
ger_user2_user2_fall6,geriatric,2,1,,C:\Users\H\Desktop\算法模型\data\features\physio\geriatric\user2_user2_fall6.npy,901,4
ger_user2_user2_fall7,geriatric,2,1,,C:\Users\H\Desktop\算法模型\data\features\physio\geriatric\user2_user2_fall7.npy,2521,4
ger_user2_user2_fall8,geriatric,2,1,,C:\Users\H\Desktop\算法模型\data\features\physio\geriatric\user2_user2_fall8.npy,1687,4
ger_user20_user20_fall1,geriatric,20,1,,C:\Users\H\Desktop\算法模型\data\features\physio\geriatric\user20_user20_fall1.npy,1214,4
ger_user20_user20_fall2,geriatric,20,1,,C:\Users\H\Desktop\算法模型\data\features\physio\geriatric\user20_user20_fall2.npy,914,4
ger_user20_user20_fall3,geriatric,20,1,,C:\Users\H\Desktop\算法模型\data\features\physio\geriatric\user20_user20_fall3.npy,2726,4
ger_user20_user20_fall4,geriatric,20,1,,C:\Users\H\Desktop\算法模型\data\features\physio\geriatric\user20_user20_fall4.npy,1362,4
ger_user20_user20_fall5,geriatric,20,1,,C:\Users\H\Desktop\算法模型\data\features\physio\geriatric\user20_user20_fall5.npy,1933,4
ger_user20_user20_fall6,geriatric,20,1,,C:\Users\H\Desktop\算法模型\data\features\physio\geriatric\user20_user20_fall6.npy,830,4
ger_user20_user20_fall7,geriatric,20,1,,C:\Users\H\Desktop\算法模型\data\features\physio\geriatric\user20_user20_fall7.npy,1312,4
ger_user20_user20_fall8,geriatric,20,1,,C:\Users\H\Desktop\算法模型\data\features\physio\geriatric\user20_user20_fall8.npy,2783,4
ger_user21_user21_fall1,geriatric,21,1,,C:\Users\H\Desktop\算法模型\data\features\physio\geriatric\user21_user21_fall1.npy,2962,4
ger_user21_user21_fall2,geriatric,21,1,,C:\Users\H\Desktop\算法模型\data\features\physio\geriatric\user21_user21_fall2.npy,2997,4
ger_user21_user21_fall3,geriatric,21,1,,C:\Users\H\Desktop\算法模型\data\features\physio\geriatric\user21_user21_fall3.npy,6264,4
ger_user21_user21_fall4,geriatric,21,1,,C:\Users\H\Desktop\算法模型\data\features\physio\geriatric\user21_user21_fall4.npy,1949,4
ger_user21_user21_fall5,geriatric,21,1,,C:\Users\H\Desktop\算法模型\data\features\physio\geriatric\user21_user21_fall5.npy,2775,4
ger_user21_user21_fall6,geriatric,21,1,,C:\Users\H\Desktop\算法模型\data\features\physio\geriatric\user21_user21_fall6.npy,718,4
ger_user21_user21_fall7,geriatric,21,1,,C:\Users\H\Desktop\算法模型\data\features\physio\geriatric\user21_user21_fall7.npy,952,4
ger_user21_user21_fall8,geriatric,21,1,,C:\Users\H\Desktop\算法模型\data\features\physio\geriatric\user21_user21_fall8.npy,1305,4
ger_user22_user22_fall1,geriatric,22,1,,C:\Users\H\Desktop\算法模型\data\features\physio\geriatric\user22_user22_fall1.npy,2820,4
ger_user22_user22_fall2,geriatric,22,1,,C:\Users\H\Desktop\算法模型\data\features\physio\geriatric\user22_user22_fall2.npy,2686,4
ger_user22_user22_fall3,geriatric,22,1,,C:\Users\H\Desktop\算法模型\data\features\physio\geriatric\user22_user22_fall3.npy,3162,4
ger_user22_user22_fall4,geriatric,22,1,,C:\Users\H\Desktop\算法模型\data\features\physio\geriatric\user22_user22_fall4.npy,5707,4
ger_user22_user22_fall5,geriatric,22,1,,C:\Users\H\Desktop\算法模型\data\features\physio\geriatric\user22_user22_fall5.npy,2971,4
ger_user22_user22_fall6,geriatric,22,1,,C:\Users\H\Desktop\算法模型\data\features\physio\geriatric\user22_user22_fall6.npy,4961,4
ger_user22_user22_fall7,geriatric,22,1,,C:\Users\H\Desktop\算法模型\data\features\physio\geriatric\user22_user22_fall7.npy,1888,4
ger_user22_user22_fall8,geriatric,22,1,,C:\Users\H\Desktop\算法模型\data\features\physio\geriatric\user22_user22_fall8.npy,2812,4
ger_user23_user23_fall1,geriatric,23,1,,C:\Users\H\Desktop\算法模型\data\features\physio\geriatric\user23_user23_fall1.npy,890,4
ger_user23_user23_fall2,geriatric,23,1,,C:\Users\H\Desktop\算法模型\data\features\physio\geriatric\user23_user23_fall2.npy,2732,4
ger_user23_user23_fall3,geriatric,23,1,,C:\Users\H\Desktop\算法模型\data\features\physio\geriatric\user23_user23_fall3.npy,712,4
ger_user23_user23_fall4,geriatric,23,1,,C:\Users\H\Desktop\算法模型\data\features\physio\geriatric\user23_user23_fall4.npy,1309,4
ger_user23_user23_fall5,geriatric,23,1,,C:\Users\H\Desktop\算法模型\data\features\physio\geriatric\user23_user23_fall5.npy,710,4
ger_user23_user23_fall6,geriatric,23,1,,C:\Users\H\Desktop\算法模型\data\features\physio\geriatric\user23_user23_fall6.npy,3355,4
ger_user23_user23_fall7,geriatric,23,1,,C:\Users\H\Desktop\算法模型\data\features\physio\geriatric\user23_user23_fall7.npy,895,4
ger_user23_user23_fall8,geriatric,23,1,,C:\Users\H\Desktop\算法模型\data\features\physio\geriatric\user23_user23_fall8.npy,5111,4
ger_user24_user24_fall1,geriatric,24,1,,C:\Users\H\Desktop\算法模型\data\features\physio\geriatric\user24_user24_fall1.npy,1331,4
ger_user24_user24_fall2,geriatric,24,1,,C:\Users\H\Desktop\算法模型\data\features\physio\geriatric\user24_user24_fall2.npy,733,4
ger_user24_user24_fall3,geriatric,24,1,,C:\Users\H\Desktop\算法模型\data\features\physio\geriatric\user24_user24_fall3.npy,3111,4
ger_user24_user24_fall4,geriatric,24,1,,C:\Users\H\Desktop\算法模型\data\features\physio\geriatric\user24_user24_fall4.npy,710,4
ger_user24_user24_fall5,geriatric,24,1,,C:\Users\H\Desktop\算法模型\data\features\physio\geriatric\user24_user24_fall5.npy,2710,4
ger_user24_user24_fall6,geriatric,24,1,,C:\Users\H\Desktop\算法模型\data\features\physio\geriatric\user24_user24_fall6.npy,1105,4
ger_user24_user24_fall7,geriatric,24,1,,C:\Users\H\Desktop\算法模型\data\features\physio\geriatric\user24_user24_fall7.npy,732,4
ger_user24_user24_fall8,geriatric,24,1,,C:\Users\H\Desktop\算法模型\data\features\physio\geriatric\user24_user24_fall8.npy,2778,4
ger_user25_user25_fall1,geriatric,25,1,,C:\Users\H\Desktop\算法模型\data\features\physio\geriatric\user25_user25_fall1.npy,2792,4
ger_user25_user25_fall2,geriatric,25,1,,C:\Users\H\Desktop\算法模型\data\features\physio\geriatric\user25_user25_fall2.npy,1198,4
ger_user25_user25_fall3,geriatric,25,1,,C:\Users\H\Desktop\算法模型\data\features\physio\geriatric\user25_user25_fall3.npy,1822,4
ger_user25_user25_fall4,geriatric,25,1,,C:\Users\H\Desktop\算法模型\data\features\physio\geriatric\user25_user25_fall4.npy,762,4
ger_user25_user25_fall5,geriatric,25,1,,C:\Users\H\Desktop\算法模型\data\features\physio\geriatric\user25_user25_fall5.npy,2725,4
ger_user25_user25_fall6,geriatric,25,1,,C:\Users\H\Desktop\算法模型\data\features\physio\geriatric\user25_user25_fall6.npy,799,4
ger_user25_user25_fall7,geriatric,25,1,,C:\Users\H\Desktop\算法模型\data\features\physio\geriatric\user25_user25_fall7.npy,1759,4
ger_user25_user25_fall8,geriatric,25,1,,C:\Users\H\Desktop\算法模型\data\features\physio\geriatric\user25_user25_fall8.npy,3091,4
ger_user26_user26_fall1,geriatric,26,1,,C:\Users\H\Desktop\算法模型\data\features\physio\geriatric\user26_user26_fall1.npy,2744,4
ger_user26_user26_fall2,geriatric,26,1,,C:\Users\H\Desktop\算法模型\data\features\physio\geriatric\user26_user26_fall2.npy,2894,4
ger_user26_user26_fall3,geriatric,26,1,,C:\Users\H\Desktop\算法模型\data\features\physio\geriatric\user26_user26_fall3.npy,2118,4
ger_user26_user26_fall4,geriatric,26,1,,C:\Users\H\Desktop\算法模型\data\features\physio\geriatric\user26_user26_fall4.npy,1134,4
ger_user26_user26_fall5,geriatric,26,1,,C:\Users\H\Desktop\算法模型\data\features\physio\geriatric\user26_user26_fall5.npy,2552,4
ger_user26_user26_fall6,geriatric,26,1,,C:\Users\H\Desktop\算法模型\data\features\physio\geriatric\user26_user26_fall6.npy,1395,4
ger_user26_user26_fall7,geriatric,26,1,,C:\Users\H\Desktop\算法模型\data\features\physio\geriatric\user26_user26_fall7.npy,2502,4
ger_user26_user26_fall8,geriatric,26,1,,C:\Users\H\Desktop\算法模型\data\features\physio\geriatric\user26_user26_fall8.npy,3338,4
ger_user27_user27_fall1,geriatric,27,1,,C:\Users\H\Desktop\算法模型\data\features\physio\geriatric\user27_user27_fall1.npy,742,4
ger_user27_user27_fall2,geriatric,27,1,,C:\Users\H\Desktop\算法模型\data\features\physio\geriatric\user27_user27_fall2.npy,2996,4
ger_user27_user27_fall3,geriatric,27,1,,C:\Users\H\Desktop\算法模型\data\features\physio\geriatric\user27_user27_fall3.npy,2164,4
ger_user27_user27_fall4,geriatric,27,1,,C:\Users\H\Desktop\算法模型\data\features\physio\geriatric\user27_user27_fall4.npy,990,4
ger_user27_user27_fall5,geriatric,27,1,,C:\Users\H\Desktop\算法模型\data\features\physio\geriatric\user27_user27_fall5.npy,958,4
ger_user27_user27_fall6,geriatric,27,1,,C:\Users\H\Desktop\算法模型\data\features\physio\geriatric\user27_user27_fall6.npy,1101,4
ger_user27_user27_fall7,geriatric,27,1,,C:\Users\H\Desktop\算法模型\data\features\physio\geriatric\user27_user27_fall7.npy,970,4
ger_user27_user27_fall8,geriatric,27,1,,C:\Users\H\Desktop\算法模型\data\features\physio\geriatric\user27_user27_fall8.npy,1977,4
ger_user28_user28_fall1,geriatric,28,1,,C:\Users\H\Desktop\算法模型\data\features\physio\geriatric\user28_user28_fall1.npy,2519,4
ger_user28_user28_fall2,geriatric,28,1,,C:\Users\H\Desktop\算法模型\data\features\physio\geriatric\user28_user28_fall2.npy,958,4
ger_user28_user28_fall3,geriatric,28,1,,C:\Users\H\Desktop\算法模型\data\features\physio\geriatric\user28_user28_fall3.npy,2908,4
ger_user28_user28_fall4,geriatric,28,1,,C:\Users\H\Desktop\算法模型\data\features\physio\geriatric\user28_user28_fall4.npy,2509,4
ger_user28_user28_fall5,geriatric,28,1,,C:\Users\H\Desktop\算法模型\data\features\physio\geriatric\user28_user28_fall5.npy,1303,4
ger_user28_user28_fall6,geriatric,28,1,,C:\Users\H\Desktop\算法模型\data\features\physio\geriatric\user28_user28_fall6.npy,1108,4
ger_user28_user28_fall7,geriatric,28,1,,C:\Users\H\Desktop\算法模型\data\features\physio\geriatric\user28_user28_fall7.npy,1734,4
ger_user28_user28_fall8,geriatric,28,1,,C:\Users\H\Desktop\算法模型\data\features\physio\geriatric\user28_user28_fall8.npy,2509,4
ger_user29_user29_fall1,geriatric,29,1,,C:\Users\H\Desktop\算法模型\data\features\physio\geriatric\user29_user29_fall1.npy,5000,4
ger_user29_user29_fall2,geriatric,29,1,,C:\Users\H\Desktop\算法模型\data\features\physio\geriatric\user29_user29_fall2.npy,2907,4
ger_user29_user29_fall3,geriatric,29,1,,C:\Users\H\Desktop\算法模型\data\features\physio\geriatric\user29_user29_fall3.npy,2902,4
ger_user29_user29_fall4,geriatric,29,1,,C:\Users\H\Desktop\算法模型\data\features\physio\geriatric\user29_user29_fall4.npy,787,4
ger_user29_user29_fall5,geriatric,29,1,,C:\Users\H\Desktop\算法模型\data\features\physio\geriatric\user29_user29_fall5.npy,2172,4
ger_user29_user29_fall6,geriatric,29,1,,C:\Users\H\Desktop\算法模型\data\features\physio\geriatric\user29_user29_fall6.npy,2296,4
ger_user29_user29_fall7,geriatric,29,1,,C:\Users\H\Desktop\算法模型\data\features\physio\geriatric\user29_user29_fall7.npy,5193,4
ger_user29_user29_fall8,geriatric,29,1,,C:\Users\H\Desktop\算法模型\data\features\physio\geriatric\user29_user29_fall8.npy,3507,4
ger_user3_user3_fall1,geriatric,3,1,,C:\Users\H\Desktop\算法模型\data\features\physio\geriatric\user3_user3_fall1.npy,2262,4
ger_user3_user3_fall2,geriatric,3,1,,C:\Users\H\Desktop\算法模型\data\features\physio\geriatric\user3_user3_fall2.npy,2289,4
ger_user3_user3_fall3,geriatric,3,1,,C:\Users\H\Desktop\算法模型\data\features\physio\geriatric\user3_user3_fall3.npy,2298,4
ger_user3_user3_fall4,geriatric,3,1,,C:\Users\H\Desktop\算法模型\data\features\physio\geriatric\user3_user3_fall4.npy,2289,4
ger_user3_user3_fall5,geriatric,3,1,,C:\Users\H\Desktop\算法模型\data\features\physio\geriatric\user3_user3_fall5.npy,1797,4
ger_user3_user3_fall6,geriatric,3,1,,C:\Users\H\Desktop\算法模型\data\features\physio\geriatric\user3_user3_fall6.npy,2260,4
ger_user3_user3_fall7,geriatric,3,1,,C:\Users\H\Desktop\算法模型\data\features\physio\geriatric\user3_user3_fall7.npy,1186,4
ger_user3_user3_fall8,geriatric,3,1,,C:\Users\H\Desktop\算法模型\data\features\physio\geriatric\user3_user3_fall8.npy,771,4
ger_user30_user30_fall1,geriatric,30,1,,C:\Users\H\Desktop\算法模型\data\features\physio\geriatric\user30_user30_fall1.npy,3304,4
ger_user30_user30_fall2,geriatric,30,1,,C:\Users\H\Desktop\算法模型\data\features\physio\geriatric\user30_user30_fall2.npy,4925,4
ger_user30_user30_fall3,geriatric,30,1,,C:\Users\H\Desktop\算法模型\data\features\physio\geriatric\user30_user30_fall3.npy,3056,4
ger_user30_user30_fall4,geriatric,30,1,,C:\Users\H\Desktop\算法模型\data\features\physio\geriatric\user30_user30_fall4.npy,4727,4
ger_user30_user30_fall5,geriatric,30,1,,C:\Users\H\Desktop\算法模型\data\features\physio\geriatric\user30_user30_fall5.npy,3155,4
ger_user30_user30_fall6,geriatric,30,1,,C:\Users\H\Desktop\算法模型\data\features\physio\geriatric\user30_user30_fall6.npy,764,4
ger_user30_user30_fall7,geriatric,30,1,,C:\Users\H\Desktop\算法模型\data\features\physio\geriatric\user30_user30_fall7.npy,970,4
ger_user30_user30_fall8,geriatric,30,1,,C:\Users\H\Desktop\算法模型\data\features\physio\geriatric\user30_user30_fall8.npy,908,4
ger_user31_user31_.fall1,geriatric,31,1,,C:\Users\H\Desktop\算法模型\data\features\physio\geriatric\user31_user31_.fall1.npy,728,4
ger_user31_user31_.fall3,geriatric,31,1,,C:\Users\H\Desktop\算法模型\data\features\physio\geriatric\user31_user31_.fall3.npy,1307,4
ger_user31_user31_.fall4,geriatric,31,1,,C:\Users\H\Desktop\算法模型\data\features\physio\geriatric\user31_user31_.fall4.npy,1497,4
ger_user31_user31_.fall6,geriatric,31,1,,C:\Users\H\Desktop\算法模型\data\features\physio\geriatric\user31_user31_.fall6.npy,1501,4
ger_user31_user31_fall2,geriatric,31,1,,C:\Users\H\Desktop\算法模型\data\features\physio\geriatric\user31_user31_fall2.npy,2779,4
ger_user31_user31_fall5,geriatric,31,1,,C:\Users\H\Desktop\算法模型\data\features\physio\geriatric\user31_user31_fall5.npy,1904,4
ger_user31_user31_fall7,geriatric,31,1,,C:\Users\H\Desktop\算法模型\data\features\physio\geriatric\user31_user31_fall7.npy,1115,4
ger_user31_user31_fall8,geriatric,31,1,,C:\Users\H\Desktop\算法模型\data\features\physio\geriatric\user31_user31_fall8.npy,1104,4
ger_user32_user32_fall1,geriatric,32,1,,C:\Users\H\Desktop\算法模型\data\features\physio\geriatric\user32_user32_fall1.npy,1105,4
ger_user32_user32_fall2,geriatric,32,1,,C:\Users\H\Desktop\算法模型\data\features\physio\geriatric\user32_user32_fall2.npy,3644,4
ger_user32_user32_fall3,geriatric,32,1,,C:\Users\H\Desktop\算法模型\data\features\physio\geriatric\user32_user32_fall3.npy,2919,4
ger_user32_user32_fall4,geriatric,32,1,,C:\Users\H\Desktop\算法模型\data\features\physio\geriatric\user32_user32_fall4.npy,2955,4
ger_user32_user32_fall5,geriatric,32,1,,C:\Users\H\Desktop\算法模型\data\features\physio\geriatric\user32_user32_fall5.npy,1560,4
ger_user32_user32_fall6,geriatric,32,1,,C:\Users\H\Desktop\算法模型\data\features\physio\geriatric\user32_user32_fall6.npy,5871,4
ger_user32_user32_fall7,geriatric,32,1,,C:\Users\H\Desktop\算法模型\data\features\physio\geriatric\user32_user32_fall7.npy,973,4
ger_user32_user32_fall8,geriatric,32,1,,C:\Users\H\Desktop\算法模型\data\features\physio\geriatric\user32_user32_fall8.npy,3365,4
ger_user33_user33_fall1,geriatric,33,1,,C:\Users\H\Desktop\算法模型\data\features\physio\geriatric\user33_user33_fall1.npy,1208,4
ger_user33_user33_fall2,geriatric,33,1,,C:\Users\H\Desktop\算法模型\data\features\physio\geriatric\user33_user33_fall2.npy,1559,4
ger_user33_user33_fall3,geriatric,33,1,,C:\Users\H\Desktop\算法模型\data\features\physio\geriatric\user33_user33_fall3.npy,1750,4
ger_user33_user33_fall4,geriatric,33,1,,C:\Users\H\Desktop\算法模型\data\features\physio\geriatric\user33_user33_fall4.npy,3621,4
ger_user33_user33_fall5,geriatric,33,1,,C:\Users\H\Desktop\算法模型\data\features\physio\geriatric\user33_user33_fall5.npy,2791,4
ger_user33_user33_fall6,geriatric,33,1,,C:\Users\H\Desktop\算法模型\data\features\physio\geriatric\user33_user33_fall6.npy,3011,4
ger_user33_user33_fall7,geriatric,33,1,,C:\Users\H\Desktop\算法模型\data\features\physio\geriatric\user33_user33_fall7.npy,1508,4
ger_user33_user33_fall8,geriatric,33,1,,C:\Users\H\Desktop\算法模型\data\features\physio\geriatric\user33_user33_fall8.npy,5101,4
ger_user34_user34_fall1,geriatric,34,1,,C:\Users\H\Desktop\算法模型\data\features\physio\geriatric\user34_user34_fall1.npy,705,4
ger_user34_user34_fall2,geriatric,34,1,,C:\Users\H\Desktop\算法模型\data\features\physio\geriatric\user34_user34_fall2.npy,906,4
ger_user34_user34_fall3,geriatric,34,1,,C:\Users\H\Desktop\算法模型\data\features\physio\geriatric\user34_user34_fall3.npy,2902,4
ger_user34_user34_fall4,geriatric,34,1,,C:\Users\H\Desktop\算法模型\data\features\physio\geriatric\user34_user34_fall4.npy,1274,4
ger_user34_user34_fall5,geriatric,34,1,,C:\Users\H\Desktop\算法模型\data\features\physio\geriatric\user34_user34_fall5.npy,964,4
ger_user34_user34_fall6,geriatric,34,1,,C:\Users\H\Desktop\算法模型\data\features\physio\geriatric\user34_user34_fall6.npy,1014,4
ger_user34_user34_fall7,geriatric,34,1,,C:\Users\H\Desktop\算法模型\data\features\physio\geriatric\user34_user34_fall7.npy,2912,4
ger_user34_user34_fall8,geriatric,34,1,,C:\Users\H\Desktop\算法模型\data\features\physio\geriatric\user34_user34_fall8.npy,1273,4
ger_user35_user35_fall1,geriatric,35,1,,C:\Users\H\Desktop\算法模型\data\features\physio\geriatric\user35_user35_fall1.npy,883,4
ger_user35_user35_fall2,geriatric,35,1,,C:\Users\H\Desktop\算法模型\data\features\physio\geriatric\user35_user35_fall2.npy,2926,4
ger_user35_user35_fall3,geriatric,35,1,,C:\Users\H\Desktop\算法模型\data\features\physio\geriatric\user35_user35_fall3.npy,1312,4
ger_user35_user35_fall4,geriatric,35,1,,C:\Users\H\Desktop\算法模型\data\features\physio\geriatric\user35_user35_fall4.npy,1119,4
ger_user35_user35_fall5,geriatric,35,1,,C:\Users\H\Desktop\算法模型\data\features\physio\geriatric\user35_user35_fall5.npy,6166,4
ger_user35_user35_fall6,geriatric,35,1,,C:\Users\H\Desktop\算法模型\data\features\physio\geriatric\user35_user35_fall6.npy,1375,4
ger_user35_user35_fall7,geriatric,35,1,,C:\Users\H\Desktop\算法模型\data\features\physio\geriatric\user35_user35_fall7.npy,1533,4
ger_user35_user35_fall8,geriatric,35,1,,C:\Users\H\Desktop\算法模型\data\features\physio\geriatric\user35_user35_fall8.npy,1340,4
ger_user36_user36_fall1,geriatric,36,1,,C:\Users\H\Desktop\算法模型\data\features\physio\geriatric\user36_user36_fall1.npy,734,4
ger_user36_user36_fall2,geriatric,36,1,,C:\Users\H\Desktop\算法模型\data\features\physio\geriatric\user36_user36_fall2.npy,812,4
ger_user36_user36_fall3,geriatric,36,1,,C:\Users\H\Desktop\算法模型\data\features\physio\geriatric\user36_user36_fall3.npy,1424,4
ger_user36_user36_fall4,geriatric,36,1,,C:\Users\H\Desktop\算法模型\data\features\physio\geriatric\user36_user36_fall4.npy,880,4
ger_user36_user36_fall5,geriatric,36,1,,C:\Users\H\Desktop\算法模型\data\features\physio\geriatric\user36_user36_fall5.npy,4986,4
ger_user36_user36_fall6,geriatric,36,1,,C:\Users\H\Desktop\算法模型\data\features\physio\geriatric\user36_user36_fall6.npy,970,4
ger_user36_user36_fall7,geriatric,36,1,,C:\Users\H\Desktop\算法模型\data\features\physio\geriatric\user36_user36_fall7.npy,2061,4
ger_user36_user36_fall8,geriatric,36,1,,C:\Users\H\Desktop\算法模型\data\features\physio\geriatric\user36_user36_fall8.npy,3087,4
ger_user37_user37_fall1,geriatric,37,1,,C:\Users\H\Desktop\算法模型\data\features\physio\geriatric\user37_user37_fall1.npy,2962,4
ger_user37_user37_fall2,geriatric,37,1,,C:\Users\H\Desktop\算法模型\data\features\physio\geriatric\user37_user37_fall2.npy,1309,4
ger_user37_user37_fall3,geriatric,37,1,,C:\Users\H\Desktop\算法模型\data\features\physio\geriatric\user37_user37_fall3.npy,5197,4
ger_user37_user37_fall4,geriatric,37,1,,C:\Users\H\Desktop\算法模型\data\features\physio\geriatric\user37_user37_fall4.npy,1123,4
ger_user37_user37_fall5,geriatric,37,1,,C:\Users\H\Desktop\算法模型\data\features\physio\geriatric\user37_user37_fall5.npy,6260,4
ger_user37_user37_fall6,geriatric,37,1,,C:\Users\H\Desktop\算法模型\data\features\physio\geriatric\user37_user37_fall6.npy,1295,4
ger_user37_user37_fall7,geriatric,37,1,,C:\Users\H\Desktop\算法模型\data\features\physio\geriatric\user37_user37_fall7.npy,2703,4
ger_user37_user37_fall8,geriatric,37,1,,C:\Users\H\Desktop\算法模型\data\features\physio\geriatric\user37_user37_fall8.npy,981,4
ger_user38_user38_fall1,geriatric,38,1,,C:\Users\H\Desktop\算法模型\data\features\physio\geriatric\user38_user38_fall1.npy,2507,4
ger_user38_user38_fall2,geriatric,38,1,,C:\Users\H\Desktop\算法模型\data\features\physio\geriatric\user38_user38_fall2.npy,1192,4
ger_user38_user38_fall3,geriatric,38,1,,C:\Users\H\Desktop\算法模型\data\features\physio\geriatric\user38_user38_fall3.npy,1910,4
ger_user38_user38_fall4,geriatric,38,1,,C:\Users\H\Desktop\算法模型\data\features\physio\geriatric\user38_user38_fall4.npy,710,4
ger_user38_user38_fall5,geriatric,38,1,,C:\Users\H\Desktop\算法模型\data\features\physio\geriatric\user38_user38_fall5.npy,2739,4
ger_user38_user38_fall6,geriatric,38,1,,C:\Users\H\Desktop\算法模型\data\features\physio\geriatric\user38_user38_fall6.npy,3761,4
ger_user38_user38_fall7,geriatric,38,1,,C:\Users\H\Desktop\算法模型\data\features\physio\geriatric\user38_user38_fall7.npy,1536,4
ger_user38_user38_fall8,geriatric,38,1,,C:\Users\H\Desktop\算法模型\data\features\physio\geriatric\user38_user38_fall8.npy,1596,4
ger_user39_user39_fall1,geriatric,39,1,,C:\Users\H\Desktop\算法模型\data\features\physio\geriatric\user39_user39_fall1.npy,1489,4
ger_user39_user39_fall2,geriatric,39,1,,C:\Users\H\Desktop\算法模型\data\features\physio\geriatric\user39_user39_fall2.npy,2887,4
ger_user39_user39_fall3,geriatric,39,1,,C:\Users\H\Desktop\算法模型\data\features\physio\geriatric\user39_user39_fall3.npy,1706,4
ger_user39_user39_fall4,geriatric,39,1,,C:\Users\H\Desktop\算法模型\data\features\physio\geriatric\user39_user39_fall4.npy,1880,4
ger_user39_user39_fall5,geriatric,39,1,,C:\Users\H\Desktop\算法模型\data\features\physio\geriatric\user39_user39_fall5.npy,1357,4
ger_user39_user39_fall6,geriatric,39,1,,C:\Users\H\Desktop\算法模型\data\features\physio\geriatric\user39_user39_fall6.npy,2280,4
ger_user39_user39_fall7,geriatric,39,1,,C:\Users\H\Desktop\算法模型\data\features\physio\geriatric\user39_user39_fall7.npy,739,4
ger_user39_user39_fall8,geriatric,39,1,,C:\Users\H\Desktop\算法模型\data\features\physio\geriatric\user39_user39_fall8.npy,2001,4
ger_user4_user4_fall1,geriatric,4,1,,C:\Users\H\Desktop\算法模型\data\features\physio\geriatric\user4_user4_fall1.npy,1077,4
ger_user4_user4_fall2,geriatric,4,1,,C:\Users\H\Desktop\算法模型\data\features\physio\geriatric\user4_user4_fall2.npy,1522,4
ger_user4_user4_fall3,geriatric,4,1,,C:\Users\H\Desktop\算法模型\data\features\physio\geriatric\user4_user4_fall3.npy,1266,4
ger_user4_user4_fall4,geriatric,4,1,,C:\Users\H\Desktop\算法模型\data\features\physio\geriatric\user4_user4_fall4.npy,1107,4
ger_user4_user4_fall5,geriatric,4,1,,C:\Users\H\Desktop\算法模型\data\features\physio\geriatric\user4_user4_fall5.npy,6198,4
ger_user4_user4_fall6,geriatric,4,1,,C:\Users\H\Desktop\算法模型\data\features\physio\geriatric\user4_user4_fall6.npy,6662,4
ger_user4_user4_fall7,geriatric,4,1,,C:\Users\H\Desktop\算法模型\data\features\physio\geriatric\user4_user4_fall7.npy,2525,4
ger_user4_user4_fall8,geriatric,4,1,,C:\Users\H\Desktop\算法模型\data\features\physio\geriatric\user4_user4_fall8.npy,6220,4
ger_user40_user40_fall1,geriatric,40,1,,C:\Users\H\Desktop\算法模型\data\features\physio\geriatric\user40_user40_fall1.npy,4093,4
ger_user40_user40_fall2,geriatric,40,1,,C:\Users\H\Desktop\算法模型\data\features\physio\geriatric\user40_user40_fall2.npy,2380,4
ger_user40_user40_fall3,geriatric,40,1,,C:\Users\H\Desktop\算法模型\data\features\physio\geriatric\user40_user40_fall3.npy,3955,4
ger_user40_user40_fall4,geriatric,40,1,,C:\Users\H\Desktop\算法模型\data\features\physio\geriatric\user40_user40_fall4.npy,714,4
ger_user40_user40_fall5,geriatric,40,1,,C:\Users\H\Desktop\算法模型\data\features\physio\geriatric\user40_user40_fall5.npy,1398,4
ger_user40_user40_fall6,geriatric,40,1,,C:\Users\H\Desktop\算法模型\data\features\physio\geriatric\user40_user40_fall6.npy,948,4
ger_user40_user40_fall7,geriatric,40,1,,C:\Users\H\Desktop\算法模型\data\features\physio\geriatric\user40_user40_fall7.npy,2859,4
ger_user40_user40_fall8,geriatric,40,1,,C:\Users\H\Desktop\算法模型\data\features\physio\geriatric\user40_user40_fall8.npy,2141,4
ger_user41_user41_fall1,geriatric,41,1,,C:\Users\H\Desktop\算法模型\data\features\physio\geriatric\user41_user41_fall1.npy,1389,4
ger_user41_user41_fall2,geriatric,41,1,,C:\Users\H\Desktop\算法模型\data\features\physio\geriatric\user41_user41_fall2.npy,3160,4
ger_user41_user41_fall3,geriatric,41,1,,C:\Users\H\Desktop\算法模型\data\features\physio\geriatric\user41_user41_fall3.npy,781,4
ger_user41_user41_fall4,geriatric,41,1,,C:\Users\H\Desktop\算法模型\data\features\physio\geriatric\user41_user41_fall4.npy,3298,4
ger_user41_user41_fall5,geriatric,41,1,,C:\Users\H\Desktop\算法模型\data\features\physio\geriatric\user41_user41_fall5.npy,716,4
ger_user41_user41_fall6,geriatric,41,1,,C:\Users\H\Desktop\算法模型\data\features\physio\geriatric\user41_user41_fall6.npy,805,4
ger_user41_user41_fall7,geriatric,41,1,,C:\Users\H\Desktop\算法模型\data\features\physio\geriatric\user41_user41_fall7.npy,2781,4
ger_user41_user41_fall8,geriatric,41,1,,C:\Users\H\Desktop\算法模型\data\features\physio\geriatric\user41_user41_fall8.npy,2712,4
ger_user5_user5_fall1,geriatric,5,1,,C:\Users\H\Desktop\算法模型\data\features\physio\geriatric\user5_user5_fall1.npy,2423,4
ger_user5_user5_fall2,geriatric,5,1,,C:\Users\H\Desktop\算法模型\data\features\physio\geriatric\user5_user5_fall2.npy,1928,4
ger_user5_user5_fall3,geriatric,5,1,,C:\Users\H\Desktop\算法模型\data\features\physio\geriatric\user5_user5_fall3.npy,12535,4
ger_user5_user5_fall4,geriatric,5,1,,C:\Users\H\Desktop\算法模型\data\features\physio\geriatric\user5_user5_fall4.npy,3410,4
ger_user5_user5_fall5,geriatric,5,1,,C:\Users\H\Desktop\算法模型\data\features\physio\geriatric\user5_user5_fall5.npy,1915,4
ger_user5_user5_fall6,geriatric,5,1,,C:\Users\H\Desktop\算法模型\data\features\physio\geriatric\user5_user5_fall6.npy,1902,4
ger_user5_user5_fall7,geriatric,5,1,,C:\Users\H\Desktop\算法模型\data\features\physio\geriatric\user5_user5_fall7.npy,1910,4
ger_user5_user5_fall8,geriatric,5,1,,C:\Users\H\Desktop\算法模型\data\features\physio\geriatric\user5_user5_fall8.npy,3741,4
ger_user6_user6_fall1,geriatric,6,1,,C:\Users\H\Desktop\算法模型\data\features\physio\geriatric\user6_user6_fall1.npy,1037,4
ger_user6_user6_fall2,geriatric,6,1,,C:\Users\H\Desktop\算法模型\data\features\physio\geriatric\user6_user6_fall2.npy,1186,4
ger_user6_user6_fall3,geriatric,6,1,,C:\Users\H\Desktop\算法模型\data\features\physio\geriatric\user6_user6_fall3.npy,2346,4
ger_user6_user6_fall4,geriatric,6,1,,C:\Users\H\Desktop\算法模型\data\features\physio\geriatric\user6_user6_fall4.npy,11819,4
ger_user6_user6_fall5,geriatric,6,1,,C:\Users\H\Desktop\算法模型\data\features\physio\geriatric\user6_user6_fall5.npy,3258,4
ger_user6_user6_fall6,geriatric,6,1,,C:\Users\H\Desktop\算法模型\data\features\physio\geriatric\user6_user6_fall6.npy,3047,4
ger_user6_user6_fall7,geriatric,6,1,,C:\Users\H\Desktop\算法模型\data\features\physio\geriatric\user6_user6_fall7.npy,1065,4
ger_user6_user6_fall8,geriatric,6,1,,C:\Users\H\Desktop\算法模型\data\features\physio\geriatric\user6_user6_fall8.npy,1426,4
ger_user7_user7_fall1,geriatric,7,1,,C:\Users\H\Desktop\算法模型\data\features\physio\geriatric\user7_user7_fall1.npy,1063,4
ger_user7_user7_fall2,geriatric,7,1,,C:\Users\H\Desktop\算法模型\data\features\physio\geriatric\user7_user7_fall2.npy,8948,4
ger_user7_user7_fall3,geriatric,7,1,,C:\Users\H\Desktop\算法模型\data\features\physio\geriatric\user7_user7_fall3.npy,13488,4
ger_user7_user7_fall4,geriatric,7,1,,C:\Users\H\Desktop\算法模型\data\features\physio\geriatric\user7_user7_fall4.npy,3037,4
ger_user7_user7_fall5,geriatric,7,1,,C:\Users\H\Desktop\算法模型\data\features\physio\geriatric\user7_user7_fall5.npy,13396,4
ger_user7_user7_fall6,geriatric,7,1,,C:\Users\H\Desktop\算法模型\data\features\physio\geriatric\user7_user7_fall6.npy,13121,4
ger_user7_user7_fall7,geriatric,7,1,,C:\Users\H\Desktop\算法模型\data\features\physio\geriatric\user7_user7_fall7.npy,5350,4
ger_user7_user7_fall8,geriatric,7,1,,C:\Users\H\Desktop\算法模型\data\features\physio\geriatric\user7_user7_fall8.npy,13327,4
ger_user8_user8_fall1,geriatric,8,1,,C:\Users\H\Desktop\算法模型\data\features\physio\geriatric\user8_user8_fall1.npy,1421,4
ger_user8_user8_fall2,geriatric,8,1,,C:\Users\H\Desktop\算法模型\data\features\physio\geriatric\user8_user8_fall2.npy,2199,4
ger_user8_user8_fall3,geriatric,8,1,,C:\Users\H\Desktop\算法模型\data\features\physio\geriatric\user8_user8_fall3.npy,9822,4
ger_user8_user8_fall4,geriatric,8,1,,C:\Users\H\Desktop\算法模型\data\features\physio\geriatric\user8_user8_fall4.npy,1340,4
ger_user8_user8_fall5,geriatric,8,1,,C:\Users\H\Desktop\算法模型\data\features\physio\geriatric\user8_user8_fall5.npy,5590,4
ger_user8_user8_fall6,geriatric,8,1,,C:\Users\H\Desktop\算法模型\data\features\physio\geriatric\user8_user8_fall6.npy,6867,4
ger_user8_user8_fall7,geriatric,8,1,,C:\Users\H\Desktop\算法模型\data\features\physio\geriatric\user8_user8_fall7.npy,6681,4
ger_user8_user8_fall8,geriatric,8,1,,C:\Users\H\Desktop\算法模型\data\features\physio\geriatric\user8_user8_fall8.npy,5038,4
ger_user9_user9_fall1,geriatric,9,1,,C:\Users\H\Desktop\算法模型\data\features\physio\geriatric\user9_user9_fall1.npy,2946,4
ger_user9_user9_fall2,geriatric,9,1,,C:\Users\H\Desktop\算法模型\data\features\physio\geriatric\user9_user9_fall2.npy,6619,4
ger_user9_user9_fall3,geriatric,9,1,,C:\Users\H\Desktop\算法模型\data\features\physio\geriatric\user9_user9_fall3.npy,12520,4
ger_user9_user9_fall4,geriatric,9,1,,C:\Users\H\Desktop\算法模型\data\features\physio\geriatric\user9_user9_fall4.npy,1360,4
ger_user9_user9_fall5,geriatric,9,1,,C:\Users\H\Desktop\算法模型\data\features\physio\geriatric\user9_user9_fall5.npy,5960,4
ger_user9_user9_fall6,geriatric,9,1,,C:\Users\H\Desktop\算法模型\data\features\physio\geriatric\user9_user9_fall6.npy,1926,4
ger_user9_user9_fall7,geriatric,9,1,,C:\Users\H\Desktop\算法模型\data\features\physio\geriatric\user9_user9_fall7.npy,5368,4
ger_user9_user9_fall8,geriatric,9,1,,C:\Users\H\Desktop\算法模型\data\features\physio\geriatric\user9_user9_fall8.npy,2183,4
